App,TestClass,TestFilePath,ProductionFilePath,RelativeTestFilePath,RelativeProductionFilePath,NumberOfMethods,Assertion Roulette,Conditional Test Logic,Constructor Initialization,Default Test,EmptyTest,Exception Catching Throwing,General Fixture,Mystery Guest,Print Statement,Redundant Assertion,Sensitive Equality,Verbose Test,Sleepy Test,Eager Test,Lazy Test,Duplicate Assert,Unknown Test,IgnoredTest,Resource Optimism,Magic Number Test,Dependent Test
abel533/Mapper,TestDeleteByPrimaryKey_ee139d6.java,C:\Users\thali\Desktop\test-smells-and-flaky-test\output\fixes\TestDeleteByPrimaryKey_ee139d6.java,,,,7,3,0,0,0,0,0,0,0,0,0,0,0,0,,,0,0,0,0,6,0
Activiti/Activiti,RetryInterceptorTest_70bb975.java,C:\Users\thali\Desktop\test-smells-and-flaky-test\output\fixes\RetryInterceptorTest_70bb975.java,,,,3,1,0,0,0,0,0,0,0,0,0,0,0,0,,,0,0,0,0,1,0
Activiti/Activiti,DisabledSchemaValidationTest_6d954dd.java,C:\Users\thali\Desktop\test-smells-and-flaky-test\output\fixes\DisabledSchemaValidationTest_6d954dd.java,,,,3,1,0,0,0,0,0,0,0,0,0,0,0,0,,,0,0,0,0,1,0
adobe/asset-share-commons,AssetRenditionsDownloadServletTest_a7b1dec.java,C:\Users\thali\Desktop\test-smells-and-flaky-test\output\fixes\AssetRenditionsDownloadServletTest_a7b1dec.java,,,,4,3,0,0,0,0,3,0,0,0,0,0,0,0,,,0,0,0,0,3,0
adobe/asset-share-commons,AssetRenditionsZipperImplTest_a7b1dec.java,C:\Users\thali\Desktop\test-smells-and-flaky-test\output\fixes\AssetRenditionsZipperImplTest_a7b1dec.java,,,,10,1,0,0,0,0,3,0,0,0,2,0,0,0,,,0,0,0,0,9,0
Adyen/adyen-java-api-library,CheckoutTest_1104402.java,C:\Users\thali\Desktop\test-smells-and-flaky-test\output\fixes\CheckoutTest_1104402.java,,,,132,66,0,0,0,0,109,0,0,0,0,9,0,0,,,0,0,0,0,117,0
Adyen/adyen-java-api-library,NotificationTest_1104402.java,C:\Users\thali\Desktop\test-smells-and-flaky-test\output\fixes\NotificationTest_1104402.java,,,,13,9,0,0,0,0,10,10,0,0,0,0,0,0,,,0,0,0,0,10,0
Adyen/adyen-java-api-library,PaymentRequestBuilderTest_1104402.java,C:\Users\thali\Desktop\test-smells-and-flaky-test\output\fixes\PaymentRequestBuilderTest_1104402.java,,,,5,1,0,0,0,0,0,0,0,0,0,0,0,0,,,0,0,0,0,4,0
Adyen/adyen-java-api-library,SaleToAcquirerDataSerializerTest_1104402.java,C:\Users\thali\Desktop\test-smells-and-flaky-test\output\fixes\SaleToAcquirerDataSerializerTest_1104402.java,,,,2,0,0,0,0,0,0,0,0,0,0,0,0,0,,,0,0,0,0,1,0
alibaba/druid,JdbcUtilsTest_4247017.java,C:\Users\thali\Desktop\test-smells-and-flaky-test\output\fixes\JdbcUtilsTest_4247017.java,,,,4,1,0,0,0,0,2,0,0,0,0,0,0,0,,,1,1,0,0,2,0
alibaba/easyexcel,SimpleDataTest_9c6c956.java,C:\Users\thali\Desktop\test-smells-and-flaky-test\output\fixes\SimpleDataTest_9c6c956.java,,,,9,0,0,0,0,0,0,0,0,0,0,0,0,0,,,0,5,0,0,5,0
alibaba/fastjson,Bug_for_smoothrat6_f8d8d55.java,C:\Users\thali\Desktop\test-smells-and-flaky-test\output\fixes\Bug_for_smoothrat6_f8d8d55.java,,,,1,1,0,0,0,0,1,0,0,1,0,0,0,0,,,0,0,0,0,1,0
alibaba/fastjson,ArrayListMultimapTest_1e25425.java,C:\Users\thali\Desktop\test-smells-and-flaky-test\output\fixes\ArrayListMultimapTest_1e25425.java,,,,1,1,0,0,0,0,1,0,0,0,0,0,0,0,,,0,0,0,0,1,0
alibaba/fastjson,HashMultimapTest_433398d.java,C:\Users\thali\Desktop\test-smells-and-flaky-test\output\fixes\HashMultimapTest_433398d.java,,,,1,0,0,0,0,0,1,0,0,0,0,0,0,0,,,0,0,0,0,1,0
alibaba/fastjson,Issue1177_2_65ae52b.java,C:\Users\thali\Desktop\test-smells-and-flaky-test\output\fixes\Issue1177_2_65ae52b.java,,,,1,0,0,0,0,0,1,0,0,1,0,0,0,0,,,0,0,0,0,1,0
alibaba/fastjson,Issue1480_0f4379b.java,C:\Users\thali\Desktop\test-smells-and-flaky-test\output\fixes\Issue1480_0f4379b.java,,,,1,1,0,0,0,0,1,0,0,1,0,0,0,0,,,0,0,0,0,1,0
alibaba/fastjson,Issue1584_433398d.java,C:\Users\thali\Desktop\test-smells-and-flaky-test\output\fixes\Issue1584_433398d.java,,,,1,1,1,0,0,0,1,0,0,0,0,0,0,0,,,0,0,0,0,1,0
alibaba/fastjson,Issue1780_JSONObject_8640693.java,C:\Users\thali\Desktop\test-smells-and-flaky-test\output\fixes\Issue1780_JSONObject_8640693.java,,,,1,0,0,0,0,0,0,0,0,0,0,0,0,0,,,0,0,0,0,1,0
alibaba/fastjson,Issue1780_Module_8640693.java,C:\Users\thali\Desktop\test-smells-and-flaky-test\output\fixes\Issue1780_Module_8640693.java,,,,1,0,0,0,0,0,0,0,0,0,0,0,0,0,,,0,0,0,0,1,0
alibaba/fastjson,Issue2430_979148d.java,C:\Users\thali\Desktop\test-smells-and-flaky-test\output\fixes\Issue2430_979148d.java,,,,2,0,0,0,0,0,0,0,0,0,0,0,0,0,,,0,0,0,0,2,0
alibaba/fastjson,Issue3082_433398d.java,C:\Users\thali\Desktop\test-smells-and-flaky-test\output\fixes\Issue3082_433398d.java,,,,2,0,0,0,0,0,2,0,0,0,0,0,0,0,,,0,0,0,0,2,0
alibaba/fastjson,JSONPParseTest2_a72512d.java,C:\Users\thali\Desktop\test-smells-and-flaky-test\output\fixes\JSONPParseTest2_a72512d.java,,,,1,1,0,0,0,0,1,0,0,0,0,0,0,0,,,0,0,0,0,1,0
alibaba/fastjson,JSONPParseTest3_b5bfe1f.java,C:\Users\thali\Desktop\test-smells-and-flaky-test\output\fixes\JSONPParseTest3_b5bfe1f.java,,,,1,1,0,0,0,0,1,0,0,0,0,0,0,0,,,0,0,0,0,1,0
alibaba/fastjson,DefaultExtJSONParser_parseArray_7be1436.java,C:\Users\thali\Desktop\test-smells-and-flaky-test\output\fixes\DefaultExtJSONParser_parseArray_7be1436.java,,,,28,7,0,0,0,0,28,0,0,0,0,5,0,0,,,0,0,0,0,28,0
alibaba/fastjson,TypeUtilsTest_097c688.java,C:\Users\thali\Desktop\test-smells-and-flaky-test\output\fixes\TypeUtilsTest_097c688.java,,,,48,2,0,0,0,0,47,0,0,0,0,0,0,0,,,0,0,0,0,47,0
alibaba/fastjson,JSONPath_reverse_test_6e956d2.java,C:\Users\thali\Desktop\test-smells-and-flaky-test\output\fixes\JSONPath_reverse_test_6e956d2.java,,,,3,3,0,0,0,0,3,0,0,0,0,2,0,0,,,1,0,0,0,3,0
alibaba/fastjson,FastJsonpHttpMessageConverter4Case1Test_1c520a9.java,C:\Users\thali\Desktop\test-smells-and-flaky-test\output\fixes\FastJsonpHttpMessageConverter4Case1Test_1c520a9.java,,,,12,0,0,0,0,0,10,0,0,0,0,0,0,0,,,0,8,0,0,11,0
alibaba/fastjson,FastJsonpHttpMessageConverter4Case2Test_1c520a9.java,C:\Users\thali\Desktop\test-smells-and-flaky-test\output\fixes\FastJsonpHttpMessageConverter4Case2Test_1c520a9.java,,,,12,0,0,0,0,0,10,0,0,0,0,0,0,0,,,0,8,0,0,11,0
alibaba/fastjson,FastJsonpHttpMessageConverter4Case3Test_1c520a9.java,C:\Users\thali\Desktop\test-smells-and-flaky-test\output\fixes\FastJsonpHttpMessageConverter4Case3Test_1c520a9.java,,,,13,0,0,0,0,0,10,0,0,0,0,0,0,0,,,0,8,0,0,12,0
alibaba/fastjson,WriteDuplicateType_6ccc747.java,C:\Users\thali\Desktop\test-smells-and-flaky-test\output\fixes\WriteDuplicateType_6ccc747.java,,,,3,0,0,0,0,0,3,0,0,0,0,0,0,0,,,0,0,0,0,3,0
alibaba/innodb-java-reader,SimpleSkTableReaderTest_56c89f0.java,C:\Users\thali\Desktop\test-smells-and-flaky-test\output\fixes\SimpleSkTableReaderTest_56c89f0.java,,,,80,1,2,0,0,0,0,0,0,1,0,0,0,0,,,1,21,0,0,73,0
alibaba/jetcache,CreateCacheTest_2b0a66e.java,C:\Users\thali\Desktop\test-smells-and-flaky-test\output\fixes\CreateCacheTest_2b0a66e.java,,,,1,1,0,0,0,0,2,0,0,0,0,0,0,0,,,0,1,1,0,2,0
alibaba/jetcache,ConfigProvider_CacheMessagePublisher_Test_f2811b7.java,C:\Users\thali\Desktop\test-smells-and-flaky-test\output\fixes\ConfigProvider_CacheMessagePublisher_Test_f2811b7.java,,,,5,1,0,0,0,0,0,0,0,0,0,0,0,0,,,1,0,0,0,1,0
alibaba/jetcache,CaffeineCacheTest_2b0a66e.java,C:\Users\thali\Desktop\test-smells-and-flaky-test\output\fixes\CaffeineCacheTest_2b0a66e.java,,,,2,0,0,0,0,0,1,0,0,0,0,0,0,0,,,0,1,0,0,1,0
alibaba/jetcache,LinkedHashMapCacheTest_2b0a66e.java,C:\Users\thali\Desktop\test-smells-and-flaky-test\output\fixes\LinkedHashMapCacheTest_2b0a66e.java,,,,3,1,0,0,0,0,2,0,0,0,0,0,0,1,,,0,1,0,0,2,0
alibaba/metrics,TestAlibabaMetricsExports_aeed56e.java,C:\Users\thali\Desktop\test-smells-and-flaky-test\output\fixes\TestAlibabaMetricsExports_aeed56e.java,,,,9,8,7,0,0,0,0,0,0,0,0,0,0,0,,,3,0,0,0,8,0
alibaba/nacos,HealthCheckerFactoryTest_24b99aa.java,C:\Users\thali\Desktop\test-smells-and-flaky-test\output\fixes\HealthCheckerFactoryTest_24b99aa.java,,,,5,0,0,0,0,0,0,0,0,0,0,0,0,0,,,0,0,0,0,4,0
alibaba/nacos,CollectionUtilsTest_a36d96a.java,C:\Users\thali\Desktop\test-smells-and-flaky-test\output\fixes\CollectionUtilsTest_a36d96a.java,,,,41,15,0,0,0,0,0,0,0,0,0,0,0,0,,,0,0,0,0,40,0
alibaba/nacos,JacksonUtilsTest_68811a7.java,C:\Users\thali\Desktop\test-smells-and-flaky-test\output\fixes\JacksonUtilsTest_68811a7.java,,,,27,14,0,0,0,0,0,0,0,0,0,0,0,0,,,1,0,0,0,27,0
alibaba/Sentinel,SentinelConfigTest_6f7d4d0.java,C:\Users\thali\Desktop\test-smells-and-flaky-test\output\fixes\SentinelConfigTest_6f7d4d0.java,,,,6,5,1,0,0,0,1,0,1,0,0,0,0,0,,,1,0,0,1,5,0
alibaba/Sentinel,TracerTest_6f7d4d0.java,C:\Users\thali\Desktop\test-smells-and-flaky-test\output\fixes\TracerTest_6f7d4d0.java,,,,11,3,1,0,0,0,1,0,0,0,0,0,0,0,,,0,2,0,0,9,0
alibaba/testable-mock,OmniAccessorTest_e1afb1c.java,C:\Users\thali\Desktop\test-smells-and-flaky-test\output\fixes\OmniAccessorTest_e1afb1c.java,,,,9,0,0,0,0,0,0,0,0,0,0,0,0,0,,,0,0,0,0,0,0
alien4cloud/alien4cloud,LdapAuthenticationProviderTest_eab1af0.java,C:\Users\thali\Desktop\test-smells-and-flaky-test\output\fixes\LdapAuthenticationProviderTest_eab1af0.java,,,,3,0,1,0,0,0,1,0,0,0,0,0,0,0,,,0,2,0,0,3,0
apache/archiva,BasicManagedRepositoryValidatorTest_c3d53da.java,C:\Users\thali\Desktop\test-smells-and-flaky-test\output\fixes\BasicManagedRepositoryValidatorTest_c3d53da.java,,,,13,0,0,0,0,0,0,0,0,0,0,0,0,0,,,0,0,0,0,0,0
apache/avro,TestReflect_a6a0346.java,C:\Users\thali\Desktop\test-smells-and-flaky-test\output\fixes\TestReflect_a6a0346.java,,,,84,9,1,0,0,0,43,0,0,0,0,2,0,0,,,0,25,2,0,73,0
apache/bookkeeper,AuditorReplicasCheckTest_f8b9e18.java,C:\Users\thali\Desktop\test-smells-and-flaky-test\output\fixes\AuditorReplicasCheckTest_f8b9e18.java,,,,14,0,2,0,0,0,5,5,0,0,0,0,0,0,,,0,5,0,0,5,0
apache/bookkeeper,SloggerTest_c67dfb9.java,C:\Users\thali\Desktop\test-smells-and-flaky-test\output\fixes\SloggerTest_c67dfb9.java,,,,8,6,0,0,0,2,8,0,0,1,0,0,0,0,,,0,2,0,0,8,0
apache/camel,GsonFieldNamePolicyTest_1032139.java,C:\Users\thali\Desktop\test-smells-and-flaky-test\output\fixes\GsonFieldNamePolicyTest_1032139.java,,,,3,2,0,0,0,0,0,0,0,0,0,0,0,0,,,0,0,0,0,2,0
apache/camel,GsonMarshalExclusionTest_1032139.java,C:\Users\thali\Desktop\test-smells-and-flaky-test\output\fixes\GsonMarshalExclusionTest_1032139.java,,,,3,2,0,0,0,0,2,0,0,0,0,0,0,0,,,0,0,0,0,2,0
apache/camel,SpringGsonFieldNamePolicyTest_1032139.java,C:\Users\thali\Desktop\test-smells-and-flaky-test\output\fixes\SpringGsonFieldNamePolicyTest_1032139.java,,,,3,2,0,0,0,0,0,0,0,0,0,0,0,0,,,0,0,0,0,2,0
apache/camel-spring-boot,GsonFieldNamePolicyTest_fcd9053.java,C:\Users\thali\Desktop\test-smells-and-flaky-test\output\fixes\GsonFieldNamePolicyTest_fcd9053.java,,,,2,2,0,0,0,0,0,0,0,0,0,0,0,0,,,0,0,0,0,2,0
apache/camel-spring-boot,GsonMarshalExclusionTest_fcd9053.java,C:\Users\thali\Desktop\test-smells-and-flaky-test\output\fixes\GsonMarshalExclusionTest_fcd9053.java,,,,2,1,0,0,0,0,2,0,0,0,0,0,0,0,,,0,0,0,0,2,0
apache/camel-spring-boot,SpringGsonFieldNamePolicyTest_fcd9053.java,C:\Users\thali\Desktop\test-smells-and-flaky-test\output\fixes\SpringGsonFieldNamePolicyTest_fcd9053.java,,,,3,2,0,0,0,0,0,0,0,0,0,0,0,0,,,0,0,0,0,2,0
apache/cloudstack,NeutronNetworkAdapterTest_94fd03d.java,C:\Users\thali\Desktop\test-smells-and-flaky-test\output\fixes\NeutronNetworkAdapterTest_94fd03d.java,,,,2,2,0,0,0,0,2,0,0,0,0,0,0,0,,,0,0,0,0,2,0
apache/cloudstack,NeutronNodeAdapterTest_94fd03d.java,C:\Users\thali\Desktop\test-smells-and-flaky-test\output\fixes\NeutronNodeAdapterTest_94fd03d.java,,,,3,2,0,0,0,0,3,0,0,0,0,1,0,0,,,0,0,0,0,3,0
apache/cloudstack,NeutronPortAdapterTest_94fd03d.java,C:\Users\thali\Desktop\test-smells-and-flaky-test\output\fixes\NeutronPortAdapterTest_94fd03d.java,,,,2,2,0,0,0,0,2,0,0,0,0,0,0,0,,,0,0,0,0,2,0
apache/cloudstack,SMTPMailSenderTest_5b09340.java,C:\Users\thali\Desktop\test-smells-and-flaky-test\output\fixes\SMTPMailSenderTest_5b09340.java,,,,46,14,0,0,0,0,8,3,0,0,0,3,0,0,,,0,3,0,0,42,0
apache/cloudstack,ReflectionToStringBuilderUtilsTest_5b09340.java,C:\Users\thali\Desktop\test-smells-and-flaky-test\output\fixes\ReflectionToStringBuilderUtilsTest_5b09340.java,,,,26,3,1,0,0,0,7,25,0,0,0,0,0,0,,,0,0,0,0,25,0
apache/cloudstack,ResetVMUserDataCmdTest_8aaa5ed.java,C:\Users\thali\Desktop\test-smells-and-flaky-test\output\fixes\ResetVMUserDataCmdTest_8aaa5ed.java,,,,4,2,0,0,0,0,1,0,0,0,0,0,0,0,,,0,0,0,0,3,0
apache/commons-collections,CollectionBagTest_28c7451.java,C:\Users\thali\Desktop\test-smells-and-flaky-test\output\fixes\CollectionBagTest_28c7451.java,,,,7,2,2,0,0,0,2,0,0,0,0,0,0,0,,,0,0,0,0,2,0
apache/commons-collections,HashBagTest_28c7451.java,C:\Users\thali\Desktop\test-smells-and-flaky-test\output\fixes\HashBagTest_28c7451.java,,,,4,0,0,0,0,0,0,0,0,0,0,0,0,0,,,0,0,0,0,0,0
apache/commons-collections,PredicatedBagTest_28c7451.java,C:\Users\thali\Desktop\test-smells-and-flaky-test\output\fixes\PredicatedBagTest_28c7451.java,,,,10,3,1,0,0,0,0,0,0,0,0,0,0,0,,,0,0,0,0,3,0
apache/commons-collections,TransformedBagTest_28c7451.java,C:\Users\thali\Desktop\test-smells-and-flaky-test\output\fixes\TransformedBagTest_28c7451.java,,,,6,2,2,0,0,0,0,0,0,0,0,0,0,0,,,0,0,0,0,2,0
apache/commons-collections,UnmodifiableBagTest_28c7451.java,C:\Users\thali\Desktop\test-smells-and-flaky-test\output\fixes\UnmodifiableBagTest_28c7451.java,,,,11,2,0,0,0,0,0,0,0,0,0,0,0,0,,,0,0,0,0,2,0
apache/commons-collections,DualHashBidiMapTest_14d7d98.java,C:\Users\thali\Desktop\test-smells-and-flaky-test\output\fixes\DualHashBidiMapTest_14d7d98.java,,,,4,0,0,0,0,0,0,0,0,0,0,0,0,0,,,0,0,0,0,0,0
apache/commons-collections,CollectionUtilsTest_37cd2d8.java,C:\Users\thali\Desktop\test-smells-and-flaky-test\output\fixes\CollectionUtilsTest_37cd2d8.java,,,,163,73,1,0,0,0,10,160,0,0,0,2,0,0,,,25,0,0,0,160,0
apache/commons-collections,PassiveExpiringMapTest_28c7451.java,C:\Users\thali\Desktop\test-smells-and-flaky-test\output\fixes\PassiveExpiringMapTest_28c7451.java,,,,20,6,0,0,0,0,0,0,0,0,0,0,0,0,,,1,1,0,0,13,0
apache/commons-collections,ArrayListValuedHashMapTest_28c7451.java,C:\Users\thali\Desktop\test-smells-and-flaky-test\output\fixes\ArrayListValuedHashMapTest_28c7451.java,,,,14,11,1,0,0,0,0,0,0,0,0,4,0,0,,,4,0,0,0,11,0
apache/commons-collections,HashSetValuedHashMapTest_28c7451.java,C:\Users\thali\Desktop\test-smells-and-flaky-test\output\fixes\HashSetValuedHashMapTest_28c7451.java,,,,12,7,1,0,0,0,0,0,0,0,0,2,0,0,,,1,0,0,0,7,0
apache/commons-collections,TransformedMultiValuedMapTest_28c7451.java,C:\Users\thali\Desktop\test-smells-and-flaky-test\output\fixes\TransformedMultiValuedMapTest_28c7451.java,,,,7,4,2,0,0,0,0,0,0,0,0,0,0,0,,,0,0,0,0,4,0
apache/commons-collections,UnmodifiableMultiValuedMapTest_28c7451.java,C:\Users\thali\Desktop\test-smells-and-flaky-test\output\fixes\UnmodifiableMultiValuedMapTest_28c7451.java,,,,21,8,0,0,0,0,0,0,0,0,0,1,0,0,,,1,0,0,0,14,0
apache/commons-collections,HashMultiSetTest_28c7451.java,C:\Users\thali\Desktop\test-smells-and-flaky-test\output\fixes\HashMultiSetTest_28c7451.java,,,,4,0,0,0,0,0,0,0,0,0,0,0,0,0,,,0,0,0,0,0,0
apache/commons-collections,PredicatedMultiSetTest_28c7451.java,C:\Users\thali\Desktop\test-smells-and-flaky-test\output\fixes\PredicatedMultiSetTest_28c7451.java,,,,10,1,1,0,0,0,0,0,0,0,0,0,0,0,,,0,0,0,0,3,0
apache/commons-collections,SynchronizedMultiSetTest_28c7451.java,C:\Users\thali\Desktop\test-smells-and-flaky-test\output\fixes\SynchronizedMultiSetTest_28c7451.java,,,,4,0,0,0,0,0,0,0,0,0,0,0,0,0,,,0,0,0,0,0,0
apache/commons-collections,UnmodifiableMultiSetTest_28c7451.java,C:\Users\thali\Desktop\test-smells-and-flaky-test\output\fixes\UnmodifiableMultiSetTest_28c7451.java,,,,15,2,0,0,0,0,0,0,0,0,0,0,0,0,,,0,0,0,0,6,0
apache/commons-collections,CompositeSetTest_28c7451.java,C:\Users\thali\Desktop\test-smells-and-flaky-test\output\fixes\CompositeSetTest_28c7451.java,,,,13,3,0,0,0,0,0,0,0,0,0,0,0,0,,,0,0,0,0,8,0
apache/commons-collections,PredicatedSetTest_28c7451.java,C:\Users\thali\Desktop\test-smells-and-flaky-test\output\fixes\PredicatedSetTest_28c7451.java,,,,9,0,0,0,0,0,0,0,0,0,0,0,0,0,,,1,0,0,0,3,0
apache/commons-collections,TransformedSetTest_28c7451.java,C:\Users\thali\Desktop\test-smells-and-flaky-test\output\fixes\TransformedSetTest_28c7451.java,,,,8,2,2,0,0,0,0,0,0,0,0,0,0,0,,,0,0,0,0,2,0
apache/commons-collections,UnmodifiableSetTest_28c7451.java,C:\Users\thali\Desktop\test-smells-and-flaky-test\output\fixes\UnmodifiableSetTest_28c7451.java,,,,9,2,0,0,0,0,0,0,0,0,0,0,0,0,,,0,0,0,0,2,0
apache/commons-lang,HashCodeBuilderTest_bc8a3b9.java,C:\Users\thali\Desktop\test-smells-and-flaky-test\output\fixes\HashCodeBuilderTest_bc8a3b9.java,,,,45,34,0,0,0,0,0,0,0,0,0,0,0,0,,,4,0,0,0,45,0
apache/commons-lang,MultilineRecursiveToStringStyleTest_1dabf26.java,C:\Users\thali\Desktop\test-smells-and-flaky-test\output\fixes\MultilineRecursiveToStringStyleTest_1dabf26.java,,,,13,0,0,0,0,0,0,0,0,0,0,11,0,0,,,0,0,0,0,11,0
apache/commons-lang,RecursiveToStringStyleTest_1dabf26.java,C:\Users\thali\Desktop\test-smells-and-flaky-test\output\fixes\RecursiveToStringStyleTest_1dabf26.java,,,,10,6,0,0,0,0,0,0,0,0,0,8,0,0,,,0,0,0,0,8,0
apache/commons-lang,ReflectionToStringBuilderSummaryTest_1dabf26.java,C:\Users\thali\Desktop\test-smells-and-flaky-test\output\fixes\ReflectionToStringBuilderSummaryTest_1dabf26.java,,,,1,0,0,0,0,0,0,0,0,0,0,0,0,0,,,0,0,0,0,1,0
apache/commons-lang,ToStringBuilderTest_1dabf26.java,C:\Users\thali\Desktop\test-smells-and-flaky-test\output\fixes\ToStringBuilderTest_1dabf26.java,,,,99,58,1,0,0,0,0,0,0,0,0,64,0,0,,,5,1,0,0,94,0
apache/cxf,CacheAndWriteOutputStreamTest_79ee982.java,C:\Users\thali\Desktop\test-smells-and-flaky-test\output\fixes\CacheAndWriteOutputStreamTest_79ee982.java,,,,2,0,0,0,0,0,1,0,0,0,0,0,0,0,,,0,1,0,0,1,0
apache/cxf,CachedOutputStreamTest_79ee982.java,C:\Users\thali\Desktop\test-smells-and-flaky-test\output\fixes\CachedOutputStreamTest_79ee982.java,,,,10,0,1,0,0,0,1,0,1,0,0,0,0,0,,,1,0,0,0,1,0
apache/dubbo,ExtensionLoaderTest_0171947.java,C:\Users\thali\Desktop\test-smells-and-flaky-test\output\fixes\ExtensionLoaderTest_0171947.java,,,,33,28,0,0,0,0,27,0,0,0,0,0,0,0,,,2,0,1,0,32,0
apache/dubbo,FstObjectInputTest_437c6ce.java,C:\Users\thali\Desktop\test-smells-and-flaky-test\output\fixes\FstObjectInputTest_437c6ce.java,,,,2,0,0,0,0,0,2,0,0,0,0,0,0,0,,,0,0,0,0,2,0
apache/dubbo,InternalThreadLocalTest_f280a22.java,C:\Users\thali\Desktop\test-smells-and-flaky-test\output\fixes\InternalThreadLocalTest_f280a22.java,,,,9,0,3,0,0,0,4,0,0,0,0,0,0,1,,,0,4,0,0,9,0
apache/dubbo,AnnotationUtilsTest_295f2a7.java,C:\Users\thali\Desktop\test-smells-and-flaky-test\output\fixes\AnnotationUtilsTest_295f2a7.java,,,,17,15,0,0,0,0,1,0,0,0,0,0,0,0,,,5,0,0,0,16,0
apache/dubbo,PojoUtilsTest_ca811c4.java,C:\Users\thali\Desktop\test-smells-and-flaky-test\output\fixes\PojoUtilsTest_ca811c4.java,,,,50,24,1,0,0,0,35,0,0,1,0,0,0,0,,,0,0,0,0,37,0
apache/dubbo,ServiceConfigTest_f24ff05.java,C:\Users\thali\Desktop\test-smells-and-flaky-test\output\fixes\ServiceConfigTest_f24ff05.java,,,,13,6,0,0,0,0,10,0,0,0,0,0,0,1,,,0,1,0,0,11,0
apache/dubbo,RegistryProtocolTest_1706807.java,C:\Users\thali\Desktop\test-smells-and-flaky-test\output\fixes\RegistryProtocolTest_1706807.java,,,,9,2,0,0,0,0,3,0,0,0,0,0,0,1,,,0,0,0,0,7,0
apache/dubbo,StickyTest_aa5637e.java,C:\Users\thali\Desktop\test-smells-and-flaky-test\output\fixes\StickyTest_aa5637e.java,,,,7,0,2,0,0,0,0,6,0,2,0,0,0,0,,,0,0,0,0,6,0
apache/dubbo,AccessLogFilterTest_e7e3f50.java,C:\Users\thali\Desktop\test-smells-and-flaky-test\output\fixes\AccessLogFilterTest_e7e3f50.java,,,,3,1,0,0,0,0,1,0,0,0,0,0,0,0,,,0,1,0,0,3,0
apache/dubbo,ExecuteLimitFilterTest_bb94723.java,C:\Users\thali\Desktop\test-smells-and-flaky-test\output\fixes\ExecuteLimitFilterTest_bb94723.java,,,,4,1,1,0,0,0,4,0,0,0,0,0,0,1,,,0,0,0,0,4,0
apache/dubbo,DubboProtocolTest_28b3736.java,C:\Users\thali\Desktop\test-smells-and-flaky-test\output\fixes\DubboProtocolTest_28b3736.java,,,,8,5,3,0,0,0,7,0,0,3,0,2,0,0,,,0,1,0,0,7,0
apache/dubbo,ChangeTelnetHandlerTest_20a5efb.java,C:\Users\thali\Desktop\test-smells-and-flaky-test\output\fixes\ChangeTelnetHandlerTest_20a5efb.java,,,,11,0,0,0,0,0,7,4,0,0,0,0,0,0,,,0,0,0,0,7,0
apache/dubbo,PortTelnetHandlerTest_8a8650f.java,C:\Users\thali\Desktop\test-smells-and-flaky-test\output\fixes\PortTelnetHandlerTest_8a8650f.java,,,,7,1,0,0,0,0,5,0,0,1,0,0,0,1,,,0,0,0,0,5,0
apache/dubbo,JavassistProxyFactoryTest_f0c9b3f.java,C:\Users\thali\Desktop\test-smells-and-flaky-test\output\fixes\JavassistProxyFactoryTest_f0c9b3f.java,,,,0,0,0,0,0,0,0,0,0,0,0,0,0,0,,,0,0,0,0,0,0
apache/dubbo,JdkProxyFactoryTest_f0c9b3f.java,C:\Users\thali\Desktop\test-smells-and-flaky-test\output\fixes\JdkProxyFactoryTest_f0c9b3f.java,,,,0,0,0,0,0,0,0,0,0,0,0,0,0,0,,,0,0,0,0,0,0
apache/dubbo,RpcContextTest_f0c9b3f.java,C:\Users\thali\Desktop\test-smells-and-flaky-test\output\fixes\RpcContextTest_f0c9b3f.java,,,,2,0,0,0,0,0,0,0,0,1,0,0,0,0,,,0,1,0,0,2,0
apache/dubbo-admin,UrlUtilsTest_4fed114.java,C:\Users\thali\Desktop\test-smells-and-flaky-test\output\fixes\UrlUtilsTest_4fed114.java,,,,2,0,0,0,0,0,0,0,0,0,0,0,0,0,,,0,0,0,0,2,0
apache/flink,SlotAllocationTest_39e75eb.java,C:\Users\thali\Desktop\test-smells-and-flaky-test\output\fixes\SlotAllocationTest_39e75eb.java,,,,4,3,0,0,0,0,0,0,0,0,0,0,0,0,,,0,0,0,0,4,0
apache/flink,StreamingJobGraphGeneratorTest_39e75eb.java,C:\Users\thali\Desktop\test-smells-and-flaky-test\output\fixes\StreamingJobGraphGeneratorTest_39e75eb.java,,,,26,15,3,0,0,0,6,0,0,0,0,0,0,0,,,0,0,0,0,20,0
apache/flink,ExpressionTest_da7a688.java,C:\Users\thali\Desktop\test-smells-and-flaky-test\output\fixes\ExpressionTest_da7a688.java,,,,12,3,0,0,0,0,0,0,0,0,1,2,0,0,,,0,2,0,0,11,0
apache/flink,HiveGenericUDFTest_550ca72.java,C:\Users\thali\Desktop\test-smells-and-flaky-test\output\fixes\HiveGenericUDFTest_550ca72.java,,,,12,9,0,0,0,0,3,0,0,0,0,0,0,0,,,0,0,0,0,11,0
apache/hadoop,TestClientRedirect_7b5be74.java,C:\Users\thali\Desktop\test-smells-and-flaky-test\output\fixes\TestClientRedirect_7b5be74.java,,,,3,1,0,0,0,0,1,0,0,0,0,0,0,1,,,1,0,0,0,1,0
apache/hadoop,TestTaskProgressReporter_6187f76.java,C:\Users\thali\Desktop\test-smells-and-flaky-test\output\fixes\TestTaskProgressReporter_6187f76.java,,,,8,0,2,0,0,0,6,0,1,0,0,0,0,1,,,0,0,0,1,6,0
apache/hadoop,TestJobHistoryEventHandler_ca7dd5f.java,C:\Users\thali\Desktop\test-smells-and-flaky-test\output\fixes\TestJobHistoryEventHandler_ca7dd5f.java,,,,29,6,5,0,0,0,17,0,2,0,0,2,0,1,,,3,0,0,0,17,0
apache/hadoop,TestMetricsSystemImpl_5678b19.java,C:\Users\thali\Desktop\test-smells-and-flaky-test\output\fixes\TestMetricsSystemImpl_5678b19.java,,,,15,8,2,0,0,0,6,0,0,0,0,0,0,0,,,2,0,0,0,13,0
apache/hadoop,TestGroupsCaching_d36cd37.java,C:\Users\thali\Desktop\test-smells-and-flaky-test\output\fixes\TestGroupsCaching_d36cd37.java,,,,18,11,5,0,0,0,16,0,0,0,0,0,0,2,,,10,1,0,0,16,0
apache/hbase,TestReplicationHFileCleaner_44d5624.java,C:\Users\thali\Desktop\test-smells-and-flaky-test\output\fixes\TestReplicationHFileCleaner_44d5624.java,,,,7,2,1,0,0,0,3,1,0,0,0,0,0,0,,,2,0,0,0,3,0
apache/hbase,TestTaskMonitor_a2075f5.java,C:\Users\thali\Desktop\test-smells-and-flaky-test\output\fixes\TestTaskMonitor_a2075f5.java,,,,8,6,3,0,0,0,6,0,0,0,0,1,0,1,,,2,0,0,0,8,0
apache/helix,TestClusterInfo_f1b7b65.java,C:\Users\thali\Desktop\test-smells-and-flaky-test\output\fixes\TestClusterInfo_f1b7b65.java,,,,1,0,0,0,0,0,1,0,0,0,0,0,0,0,,,0,0,0,0,1,0
apache/helix,TestClusterTopology_f1b7b65.java,C:\Users\thali\Desktop\test-smells-and-flaky-test\output\fixes\TestClusterTopology_f1b7b65.java,,,,1,0,0,0,0,0,1,0,0,0,0,0,0,0,,,0,0,0,0,1,0
apache/helix,TestStoppableCheck_f1b7b65.java,C:\Users\thali\Desktop\test-smells-and-flaky-test\output\fixes\TestStoppableCheck_f1b7b65.java,,,,2,1,0,0,0,0,1,0,0,0,0,0,0,0,,,0,0,0,0,2,0
apache/hive,TestStandardObjectInspectors_8e6930e.java,C:\Users\thali\Desktop\test-smells-and-flaky-test\output\fixes\TestStandardObjectInspectors_8e6930e.java,,,,9,3,1,0,0,0,6,0,0,0,0,1,0,0,,,2,3,0,0,6,0
apache/ignite-3,CliConfigSubCommandTest_81851d3.java,C:\Users\thali\Desktop\test-smells-and-flaky-test\output\fixes\CliConfigSubCommandTest_81851d3.java,,,,2,0,0,0,0,0,0,0,0,0,0,0,0,0,,,0,0,0,0,0,0
apache/ignite-3,ConfigurationAsmGeneratorTest_de6ee07.java,C:\Users\thali\Desktop\test-smells-and-flaky-test\output\fixes\ConfigurationAsmGeneratorTest_de6ee07.java,,,,18,0,0,0,0,0,0,0,0,0,0,0,0,0,,,0,0,14,0,0,0
apache/ignite-3,RocksDbSortedIndexStorageTest_de6ee07.java,C:\Users\thali\Desktop\test-smells-and-flaky-test\output\fixes\RocksDbSortedIndexStorageTest_de6ee07.java,,,,2,0,0,0,0,0,0,0,0,0,0,0,0,0,,,0,0,0,0,0,0
apache/ignite-3,RocksDbMvPartitionStorageTest_de6ee07.java,C:\Users\thali\Desktop\test-smells-and-flaky-test\output\fixes\RocksDbMvPartitionStorageTest_de6ee07.java,,,,3,0,0,0,0,0,0,0,0,0,0,0,0,0,,,0,0,0,0,0,0
apache/ignite-3,RocksDbStorageEngineTest_de6ee07.java,C:\Users\thali\Desktop\test-smells-and-flaky-test\output\fixes\RocksDbStorageEngineTest_de6ee07.java,,,,4,0,0,0,0,0,0,0,0,0,0,0,0,0,,,0,0,2,0,0,0
apache/ignite-3,TableManagerTest_de6ee07.java,C:\Users\thali\Desktop\test-smells-and-flaky-test\output\fixes\TableManagerTest_de6ee07.java,,,,17,8,2,0,0,0,7,0,0,0,0,0,0,0,,,0,1,0,0,9,0
apache/incubator-hugegraph-toolchain,IndexLabelTest_e02b7d1.java,C:\Users\thali\Desktop\test-smells-and-flaky-test\output\fixes\IndexLabelTest_e02b7d1.java,,,,3,3,0,0,0,0,3,0,0,0,0,0,0,0,,,0,0,0,0,3,0
apache/incubator-ratis,TestRetryCacheMetrics_39480bf.java,C:\Users\thali\Desktop\test-smells-and-flaky-test\output\fixes\TestRetryCacheMetrics_39480bf.java,,,,7,0,0,0,0,0,0,2,0,0,0,0,0,0,,,0,2,0,0,2,0
apache/incubator-ratis,TestLeaderElectionMetrics_39480bf.java,C:\Users\thali\Desktop\test-smells-and-flaky-test\output\fixes\TestLeaderElectionMetrics_39480bf.java,,,,3,1,0,0,0,0,2,0,0,0,0,0,0,0,,,0,0,0,0,2,0
apache/incubator-shardingsphere,ShardingSphereDataSourceMetaDataTest_14a106d.java,C:\Users\thali\Desktop\test-smells-and-flaky-test\output\fixes\ShardingSphereDataSourceMetaDataTest_14a106d.java,,,,3,0,0,0,0,0,0,0,0,0,0,0,0,0,,,0,0,0,0,2,0
apache/incubator-shardingsphere,MasterSlaveDataSourceTest_fabf6e6.java,C:\Users\thali\Desktop\test-smells-and-flaky-test\output\fixes\MasterSlaveDataSourceTest_fabf6e6.java,,,,5,0,0,0,0,0,2,0,0,0,0,0,0,0,,,0,0,0,0,3,0
apache/incubator-shardingsphere,EncryptPreparedStatementTest_14a106d.java,C:\Users\thali\Desktop\test-smells-and-flaky-test\output\fixes\EncryptPreparedStatementTest_14a106d.java,,,,10,4,1,0,0,0,9,0,0,0,0,0,0,0,,,1,0,0,0,9,0
apache/incubator-shardingsphere,EncryptStatementTest_14a106d.java,C:\Users\thali\Desktop\test-smells-and-flaky-test\output\fixes\EncryptStatementTest_14a106d.java,,,,11,6,3,0,0,0,10,0,0,0,0,0,0,0,,,1,0,0,0,10,0
apache/incubator-shenyu,GsonUtilsTest_634b6bd.java,C:\Users\thali\Desktop\test-smells-and-flaky-test\output\fixes\GsonUtilsTest_634b6bd.java,,,,13,7,3,0,0,0,0,0,0,0,0,1,0,0,,,0,2,0,0,14,0
apache/incubator-shenyu,JsonUtilsTest_634b6bd.java,C:\Users\thali\Desktop\test-smells-and-flaky-test\output\fixes\JsonUtilsTest_634b6bd.java,,,,2,2,1,0,0,0,0,0,0,0,0,0,0,0,,,0,2,0,0,4,0
apache/incubator-streampipes,XmlTest_33355e9.java,C:\Users\thali\Desktop\test-smells-and-flaky-test\output\fixes\XmlTest_33355e9.java,,,,9,2,0,0,0,0,3,0,0,0,0,0,0,0,,,0,0,0,0,3,0
apache/iotdb,IoTDBInterpreterTest_1f853f1.java,C:\Users\thali\Desktop\test-smells-and-flaky-test\output\fixes\IoTDBInterpreterTest_1f853f1.java,,,,19,12,1,0,0,0,0,3,0,1,0,0,0,0,,,1,1,1,0,15,0
apache/jackrabbit-oak,RandomizedClusterTest_d0c2e82.java,C:\Users\thali\Desktop\test-smells-and-flaky-test\output\fixes\RandomizedClusterTest_d0c2e82.java,,,,12,1,1,0,0,0,1,0,0,0,0,0,0,0,,,0,0,0,0,1,0
apache/kylin,DefaultAssignerTest_f768c71.java,C:\Users\thali\Desktop\test-smells-and-flaky-test\output\fixes\DefaultAssignerTest_f768c71.java,,,,3,2,1,0,0,0,0,0,0,0,0,0,0,0,,,1,0,0,0,2,0
apache/kylin,CoordinatorTest_8880739.java,C:\Users\thali\Desktop\test-smells-and-flaky-test\output\fixes\CoordinatorTest_8880739.java,,,,10,2,0,0,0,0,3,3,0,2,0,0,0,0,,,0,1,0,0,3,0
apache/nifi,CompositeUserGroupProviderTest_8171ecb.java,C:\Users\thali\Desktop\test-smells-and-flaky-test\output\fixes\CompositeUserGroupProviderTest_8171ecb.java,,,,8,4,0,0,0,0,8,0,0,0,1,0,0,0,,,1,0,0,0,8,0
apache/nifi,TestJsonEntitySerializer_6f65cd1.java,C:\Users\thali\Desktop\test-smells-and-flaky-test\output\fixes\TestJsonEntitySerializer_6f65cd1.java,,,,2,0,0,0,0,0,2,0,0,0,0,0,0,0,,,0,0,0,0,2,0
apache/nifi,BulletinMergerTest_c1bb0c0.java,C:\Users\thali\Desktop\test-smells-and-flaky-test\output\fixes\BulletinMergerTest_c1bb0c0.java,,,,2,1,0,0,0,0,1,0,0,0,0,0,0,0,,,0,0,0,0,1,0
apache/nifi,TestFetchHBaseRow_22b47cc.java,C:\Users\thali\Desktop\test-smells-and-flaky-test\output\fixes\TestFetchHBaseRow_22b47cc.java,,,,15,0,0,0,0,0,0,14,0,0,0,0,0,0,,,0,0,0,0,14,0
apache/nifi,TestHBase_1_1_2_ClientService_ce18b63.java,C:\Users\thali\Desktop\test-smells-and-flaky-test\output\fixes\TestHBase_1_1_2_ClientService_ce18b63.java,,,,13,2,0,0,0,0,7,0,0,0,0,0,0,0,,,0,0,0,0,7,0
apache/nifi,TestHBase_2_ClientService_a5d93d9.java,C:\Users\thali\Desktop\test-smells-and-flaky-test\output\fixes\TestHBase_2_ClientService_a5d93d9.java,,,,13,2,0,0,0,0,7,0,0,0,0,0,0,0,,,0,0,0,0,7,0
apache/nifi,TestScanHBase_889254a.java,C:\Users\thali\Desktop\test-smells-and-flaky-test\output\fixes\TestScanHBase_889254a.java,,,,13,0,3,0,0,0,0,0,0,0,0,2,0,0,,,0,0,0,0,12,0
apache/nifi,TestJsonTreeRowRecordReader_ab8e9aa.java,C:\Users\thali\Desktop\test-smells-and-flaky-test\output\fixes\TestJsonTreeRowRecordReader_ab8e9aa.java,,,,47,0,0,0,0,0,0,0,0,0,0,0,0,0,,,0,0,43,0,0,0
apache/nifi,TestCompareFuzzyHash_ad4e0b0.java,C:\Users\thali\Desktop\test-smells-and-flaky-test\output\fixes\TestCompareFuzzyHash_ad4e0b0.java,,,,14,3,1,0,0,0,0,0,0,0,0,0,0,0,,,2,0,0,0,13,0
apache/nifi,TestQuerySolr_a3c8953.java,C:\Users\thali\Desktop\test-smells-and-flaky-test\output\fixes\TestQuerySolr_a3c8953.java,,,,22,6,1,0,0,0,4,0,0,0,0,1,0,0,,,2,0,0,0,17,0
apache/nifi,TestPutSplunkHTTP_830a64b.java,C:\Users\thali\Desktop\test-smells-and-flaky-test\output\fixes\TestPutSplunkHTTP_830a64b.java,,,,12,4,0,0,0,0,6,5,0,0,0,0,0,0,,,0,0,0,0,6,0
apache/nifi,TestGenerateTableFetch_ac8e3da.java,C:\Users\thali\Desktop\test-smells-and-flaky-test\output\fixes\TestGenerateTableFetch_ac8e3da.java,,,,27,18,2,0,0,0,24,24,0,0,0,0,0,0,,,12,0,0,0,24,0
apache/nifi,TestMergeContent_ee5d557.java,C:\Users\thali\Desktop\test-smells-and-flaky-test\output\fixes\TestMergeContent_ee5d557.java,,,,39,12,8,0,0,0,26,0,0,0,0,2,0,3,,,0,0,0,7,35,0
apache/nifi,TestParseCEF_238c356.java,C:\Users\thali\Desktop\test-smells-and-flaky-test\output\fixes\TestParseCEF_238c356.java,,,,11,4,1,0,0,0,8,0,0,0,0,0,0,0,,,0,0,0,0,11,0
apache/nifi,TestPartitionRecord_65201ab.java,C:\Users\thali\Desktop\test-smells-and-flaky-test\output\fixes\TestPartitionRecord_65201ab.java,,,,9,5,1,0,0,0,1,0,0,0,0,0,0,0,,,0,0,0,0,8,0
apache/nifi,TestSegmentContent_2d70bfb.java,C:\Users\thali\Desktop\test-smells-and-flaky-test\output\fixes\TestSegmentContent_2d70bfb.java,,,,2,0,0,0,0,0,2,0,0,0,0,0,0,0,,,0,0,0,0,2,0
apache/nifi,TestWaitNotifyProtocol_56d26be.java,C:\Users\thali\Desktop\test-smells-and-flaky-test\output\fixes\TestWaitNotifyProtocol_56d26be.java,,,,10,7,0,0,0,0,8,0,0,0,0,0,0,0,,,3,0,0,0,8,0
apache/nifi,TestAzureLogAnalyticsProvenanceReportingTask_bcec883.java,C:\Users\thali\Desktop\test-smells-and-flaky-test\output\fixes\TestAzureLogAnalyticsProvenanceReportingTask_bcec883.java,,,,3,0,0,0,0,0,0,0,0,0,0,3,0,0,,,0,0,0,0,3,0
apache/nifi,TestPrometheusRecordSink_bcec883.java,C:\Users\thali\Desktop\test-smells-and-flaky-test\output\fixes\TestPrometheusRecordSink_bcec883.java,,,,4,1,0,0,0,0,2,0,0,0,0,0,0,0,,,0,0,0,0,2,0
apache/nifi,TestDataTypeUtils_8d5de6b.java,C:\Users\thali\Desktop\test-smells-and-flaky-test\output\fixes\TestDataTypeUtils_8d5de6b.java,,,,71,29,5,0,0,0,1,0,0,0,1,3,0,0,,,5,21,3,0,64,0
apache/nifi,TestMapRecord_8d5de6b.java,C:\Users\thali\Desktop\test-smells-and-flaky-test\output\fixes\TestMapRecord_8d5de6b.java,,,,11,9,1,0,0,0,0,0,0,0,0,0,0,0,,,0,0,0,0,10,0
apache/nifi,TestXMLReader_ff14ea2.java,C:\Users\thali\Desktop\test-smells-and-flaky-test\output\fixes\TestXMLReader_ff14ea2.java,,,,12,2,0,0,0,0,11,0,0,0,0,0,0,0,,,0,0,0,0,11,0
apache/opennlp,NgramLanguageModelTest_ecb0a49.java,C:\Users\thali\Desktop\test-smells-and-flaky-test\output\fixes\NgramLanguageModelTest_ecb0a49.java,,,,8,5,2,0,0,0,2,0,0,0,0,0,0,0,,,1,0,0,0,8,0
apache/opennlp,NaiveBayesSerializedCorrectnessTest_ecb0a49.java,C:\Users\thali\Desktop\test-smells-and-flaky-test\output\fixes\NaiveBayesSerializedCorrectnessTest_ecb0a49.java,,,,9,0,0,0,0,0,5,0,0,1,0,1,0,0,,,0,4,1,0,5,0
apache/pinot,LoggerUtilsTest_3a37f03.java,C:\Users\thali\Desktop\test-smells-and-flaky-test\output\fixes\LoggerUtilsTest_3a37f03.java,,,,5,4,1,0,0,0,1,0,0,0,0,0,0,0,,,2,0,0,0,4,0
apache/pinot,URIUtilsTest_1353c38.java,C:\Users\thali\Desktop\test-smells-and-flaky-test\output\fixes\URIUtilsTest_1353c38.java,,,,5,4,1,0,0,0,0,0,0,0,0,2,0,0,,,0,0,0,0,5,0
apache/pinot,PluginManagerTest_280c225.java,C:\Users\thali\Desktop\test-smells-and-flaky-test\output\fixes\PluginManagerTest_280c225.java,,,,5,3,2,0,0,0,2,0,1,0,0,0,0,0,,,1,0,0,2,3,0
apache/pulsar,AvroSchemaTest_7dd52b8.java,C:\Users\thali\Desktop\test-smells-and-flaky-test\output\fixes\AvroSchemaTest_7dd52b8.java,,,,9,8,2,0,0,0,4,0,0,0,0,0,0,0,,,0,0,0,0,8,0
apache/pulsar,JSONSchemaTest_17f71d3.java,C:\Users\thali\Desktop\test-smells-and-flaky-test\output\fixes\JSONSchemaTest_17f71d3.java,,,,12,9,2,0,0,0,3,0,0,0,0,0,0,0,,,2,0,0,0,11,0
apache/pulsar,KeyValueSchemaInfoTest_17f71d3.java,C:\Users\thali\Desktop\test-smells-and-flaky-test\output\fixes\KeyValueSchemaInfoTest_17f71d3.java,,,,6,3,0,0,0,0,1,0,0,0,0,0,0,0,,,0,0,0,0,5,0
apache/rocketmq,FilterAPITest_895bd95.java,C:\Users\thali\Desktop\test-smells-and-flaky-test\output\fixes\FilterAPITest_895bd95.java,,,,4,3,1,0,0,0,4,0,0,0,0,0,0,0,,,1,0,0,0,4,0
apache/rocketmq-dashboard,TopicControllerTest_fc9781e.java,C:\Users\thali\Desktop\test-smells-and-flaky-test\output\fixes\TopicControllerTest_fc9781e.java,,,,12,0,0,0,0,0,10,0,0,0,0,0,0,0,,,0,9,0,0,10,0
apache/servicecomb-java-chassis,TestRestClientRequestImpl_ad0b38f.java,C:\Users\thali\Desktop\test-smells-and-flaky-test\output\fixes\TestRestClientRequestImpl_ad0b38f.java,,,,10,2,0,0,0,0,2,0,0,0,0,4,0,0,,,0,0,0,0,8,0
apache/servicecomb-java-chassis,RestServerCodecFilterTest_ad0b38f.java,C:\Users\thali\Desktop\test-smells-and-flaky-test\output\fixes\RestServerCodecFilterTest_ad0b38f.java,,,,10,1,0,0,0,0,4,3,0,0,0,0,0,0,,,0,4,0,0,5,0
apache/servicecomb-java-chassis,RestProducerInvocationCreatorTest_ad0b38f.java,C:\Users\thali\Desktop\test-smells-and-flaky-test\output\fixes\RestProducerInvocationCreatorTest_ad0b38f.java,,,,8,2,0,0,0,0,0,5,0,0,0,0,0,0,,,0,1,0,0,5,0
apache/servicecomb-java-chassis,TestInvocation_ad0b38f.java,C:\Users\thali\Desktop\test-smells-and-flaky-test\output\fixes\TestInvocation_ad0b38f.java,,,,19,10,0,0,0,0,0,0,0,0,0,0,0,0,,,0,0,0,0,16,0
apache/servicecomb-java-chassis,TestAbstractHttpServletRequest_766ffea.java,C:\Users\thali\Desktop\test-smells-and-flaky-test\output\fixes\TestAbstractHttpServletRequest_766ffea.java,,,,67,1,0,0,0,0,0,0,0,0,0,0,0,0,,,0,0,0,0,66,0
apache/servicecomb-java-chassis,TestStandardHttpServletRequestEx_766ffea.java,C:\Users\thali\Desktop\test-smells-and-flaky-test\output\fixes\TestStandardHttpServletRequestEx_766ffea.java,,,,7,5,0,0,0,0,3,0,0,0,0,1,0,0,,,0,0,0,0,6,0
apache/servicecomb-java-chassis,TestVertxServerRequestToHttpServletRequest_766ffea.java,C:\Users\thali\Desktop\test-smells-and-flaky-test\output\fixes\TestVertxServerRequestToHttpServletRequest_766ffea.java,,,,33,6,1,0,0,0,2,31,0,0,0,0,0,0,,,1,0,0,0,31,0
apache/servicecomb-java-chassis,ServiceCenterClientTest_5de6563.java,C:\Users\thali\Desktop\test-smells-and-flaky-test\output\fixes\ServiceCenterClientTest_5de6563.java,,,,15,11,0,0,0,0,15,0,15,0,0,0,0,0,,,0,2,0,0,15,0
apache/servicecomb-java-chassis,TestOperationGenerator_b780639.java,C:\Users\thali\Desktop\test-smells-and-flaky-test\output\fixes\TestOperationGenerator_b780639.java,,,,5,4,0,0,0,0,0,0,0,0,0,0,0,0,,,0,0,0,0,4,0
apache/shardingsphere,ParseDistSQLHandlerTest_2bf753d.java,C:\Users\thali\Desktop\test-smells-and-flaky-test\output\fixes\ParseDistSQLHandlerTest_2bf753d.java,,,,4,1,0,0,0,0,3,0,0,0,0,2,0,0,,,0,0,0,0,3,0
apache/shardingsphere-elasticjob,FailoverServiceTest_4b9afa4.java,C:\Users\thali\Desktop\test-smells-and-flaky-test\output\fixes\FailoverServiceTest_4b9afa4.java,,,,15,0,0,0,0,0,0,0,0,0,0,0,0,0,,,0,10,0,0,14,0
apache/shardingsphere-elasticjob,ShutdownListenerManagerTest_4b9afa4.java,C:\Users\thali\Desktop\test-smells-and-flaky-test\output\fixes\ShutdownListenerManagerTest_4b9afa4.java,,,,9,0,0,0,0,0,0,0,0,0,0,0,0,0,,,0,7,0,0,7,0
apache/shardingsphere-elasticjob,TriggerListenerManagerTest_c12db55.java,C:\Users\thali\Desktop\test-smells-and-flaky-test\output\fixes\TriggerListenerManagerTest_c12db55.java,,,,8,0,0,0,0,0,0,0,0,0,0,0,0,0,,,0,7,0,0,7,0
apache/shardingsphere-elasticjob,JobRegistryTest_c12db55.java,C:\Users\thali\Desktop\test-smells-and-flaky-test\output\fixes\JobRegistryTest_c12db55.java,,,,11,0,0,0,0,0,1,0,0,0,0,0,0,0,,,0,1,0,0,11,0
apache/shardingsphere-elasticjob,ShardingListenerManagerTest_4b9afa4.java,C:\Users\thali\Desktop\test-smells-and-flaky-test\output\fixes\ShardingListenerManagerTest_4b9afa4.java,,,,11,0,0,0,0,0,1,0,0,0,0,0,0,0,,,0,10,0,0,10,0
apache/shardingsphere-elasticjob,ZookeeperRegistryCenterModifyTest_a1e2d6e.java,C:\Users\thali\Desktop\test-smells-and-flaky-test\output\fixes\ZookeeperRegistryCenterModifyTest_a1e2d6e.java,,,,8,4,2,0,0,0,3,0,0,0,0,0,0,0,,,1,0,0,0,6,0
apache/shenyu,ShenyuClientRegisterDivideServiceImplTest_b576505.java,C:\Users\thali\Desktop\test-smells-and-flaky-test\output\fixes\ShenyuClientRegisterDivideServiceImplTest_b576505.java,,,,7,1,0,0,0,0,1,0,0,0,0,0,0,0,,,1,1,0,0,6,0
apache/shenyu,ShenyuClientRegisterDubboServiceImplTest_7b06541.java,C:\Users\thali\Desktop\test-smells-and-flaky-test\output\fixes\ShenyuClientRegisterDubboServiceImplTest_7b06541.java,,,,7,1,0,0,0,0,1,0,0,0,0,0,0,0,,,1,1,0,0,6,0
apache/shenyu,ShenyuClientRegisterGrpcServiceImplTest_7b06541.java,C:\Users\thali\Desktop\test-smells-and-flaky-test\output\fixes\ShenyuClientRegisterGrpcServiceImplTest_7b06541.java,,,,7,1,0,0,0,0,1,0,0,0,0,0,0,0,,,1,1,0,0,6,0
apache/shenyu,ShenyuClientRegisterSofaServiceImplTest_7b06541.java,C:\Users\thali\Desktop\test-smells-and-flaky-test\output\fixes\ShenyuClientRegisterSofaServiceImplTest_7b06541.java,,,,5,0,0,0,0,0,0,0,0,0,0,0,0,0,,,0,1,0,0,5,0
apache/shenyu,ShenyuClientRegisterSpringCloudServiceImplTest_7b06541.java,C:\Users\thali\Desktop\test-smells-and-flaky-test\output\fixes\ShenyuClientRegisterSpringCloudServiceImplTest_7b06541.java,,,,6,1,0,0,0,0,0,0,0,0,0,0,0,0,,,1,1,0,0,5,0
apache/shenyu,ShenyuClientRegisterTarsServiceImplTest_7b06541.java,C:\Users\thali\Desktop\test-smells-and-flaky-test\output\fixes\ShenyuClientRegisterTarsServiceImplTest_7b06541.java,,,,7,1,0,0,0,0,1,0,0,0,0,0,0,0,,,1,1,0,0,6,0
apache/skywalking-java,ConfigInitializerTest_9a62d72.java,C:\Users\thali\Desktop\test-smells-and-flaky-test\output\fixes\ConfigInitializerTest_9a62d72.java,,,,3,1,0,0,0,0,2,0,0,0,0,1,0,0,,,0,0,0,0,2,0
Apache/Struts,SMDMethodInterfaceTest_af73a1e.java,C:\Users\thali\Desktop\test-smells-and-flaky-test\output\fixes\SMDMethodInterfaceTest_af73a1e.java,,,,3,3,0,0,0,0,0,0,0,0,0,0,0,0,,,0,0,0,0,3,0
Apache/Struts,Jsr168DispatcherTest_299d91e.java,C:\Users\thali\Desktop\test-smells-and-flaky-test\output\fixes\Jsr168DispatcherTest_299d91e.java,,,,10,1,0,0,0,0,3,0,0,0,0,0,0,0,,,0,0,0,0,4,0
Apache/Struts,Jsr286DispatcherTest_299d91e.java,C:\Users\thali\Desktop\test-smells-and-flaky-test\output\fixes\Jsr286DispatcherTest_299d91e.java,,,,10,1,0,0,0,0,3,0,0,0,0,0,0,0,,,0,0,0,0,4,0
Apache/Struts,JacksonXmlHandlerTest_a368cb6.java,C:\Users\thali\Desktop\test-smells-and-flaky-test\output\fixes\JacksonXmlHandlerTest_a368cb6.java,,,,3,1,0,0,0,0,2,1,0,0,0,0,0,0,,,0,0,0,0,2,0
Apache/Struts,FreemarkerResultMockedTest_0c9d769.java,C:\Users\thali\Desktop\test-smells-and-flaky-test\output\fixes\FreemarkerResultMockedTest_0c9d769.java,,,,9,2,0,0,0,0,7,0,7,0,0,5,0,0,,,0,0,0,7,7,0
apache/tika,TestMetadata_1559336.java,C:\Users\thali\Desktop\test-smells-and-flaky-test\output\fixes\TestMetadata_1559336.java,,,,18,12,1,0,0,0,4,0,0,0,0,1,0,0,,,10,1,0,0,18,0
apolloconfig/apollo,ReleaseControllerTest_735f588.java,C:\Users\thali\Desktop\test-smells-and-flaky-test\output\fixes\ReleaseControllerTest_735f588.java,,,,2,1,0,0,0,0,1,0,0,0,0,0,0,0,,,0,1,0,0,2,0
apolloconfig/apollo,JpaMapFieldJsonConverterTest_3c6baa4.java,C:\Users\thali\Desktop\test-smells-and-flaky-test\output\fixes\JpaMapFieldJsonConverterTest_3c6baa4.java,,,,8,0,0,0,0,0,0,0,0,0,0,0,0,0,,,0,0,0,0,0,0
apolloconfig/apollo,NamespaceBranchServiceTest_d849c02.java,C:\Users\thali\Desktop\test-smells-and-flaky-test\output\fixes\NamespaceBranchServiceTest_d849c02.java,,,,8,5,0,0,0,0,0,0,0,0,0,0,0,0,,,0,0,0,0,6,0
apolloconfig/apollo,ReleaseMessageServiceWithCacheTest_342ba88.java,C:\Users\thali\Desktop\test-smells-and-flaky-test\output\fixes\ReleaseMessageServiceWithCacheTest_342ba88.java,,,,7,5,1,0,0,0,5,4,0,0,0,0,0,0,,,0,0,0,0,5,0
apolloconfig/apollo,RemoteConfigLongPollServiceTest_80a33ab.java,C:\Users\thali\Desktop\test-smells-and-flaky-test\output\fixes\RemoteConfigLongPollServiceTest_80a33ab.java,,,,10,5,0,0,0,0,8,8,0,0,0,0,0,0,,,1,3,0,0,8,0
apolloconfig/apollo,RemoteConfigRepositoryTest_02fff62.java,C:\Users\thali\Desktop\test-smells-and-flaky-test\output\fixes\RemoteConfigRepositoryTest_02fff62.java,,,,11,5,0,0,0,0,8,8,0,0,0,0,0,0,,,0,0,0,0,8,0
apolloconfig/apollo,ConfigPropertySourceTest_b00f238.java,C:\Users\thali\Desktop\test-smells-and-flaky-test\output\fixes\ConfigPropertySourceTest_b00f238.java,,,,5,1,0,0,0,0,4,0,0,0,0,0,0,0,,,0,0,0,0,4,0
AuthMe/AuthMeReloaded,PlayerListenerTest_3e6c9b1.java,C:\Users\thali\Desktop\test-smells-and-flaky-test\output\fixes\PlayerListenerTest_3e6c9b1.java,,,,59,1,0,0,0,0,6,0,0,0,0,0,0,0,,,0,36,0,0,51,0
aws/aws-dynamodb-encryption-java,DynamoDBEncryptorTest_c786e67.java,C:\Users\thali\Desktop\test-smells-and-flaky-test\output\fixes\DynamoDBEncryptorTest_c786e67.java,,,,27,9,0,0,0,0,19,15,0,0,0,1,0,0,,,0,0,0,0,21,0
aws/aws-dynamodb-encryption-java,AttributeValueMarshallerTest_c786e67.java,C:\Users\thali\Desktop\test-smells-and-flaky-test\output\fixes\AttributeValueMarshallerTest_c786e67.java,,,,29,8,0,0,0,0,2,0,0,0,0,0,0,0,,,0,0,0,0,26,0
biojava/biojava,AtomCacheTest_26c6c62.java,C:\Users\thali\Desktop\test-smells-and-flaky-test\output\fixes\AtomCacheTest_26c6c62.java,,,,12,7,0,0,0,0,10,1,3,0,0,0,0,0,,,2,0,0,2,10,0
biojava/biojava,AtomPositionMapTest_26c6c62.java,C:\Users\thali\Desktop\test-smells-and-flaky-test\output\fixes\AtomPositionMapTest_26c6c62.java,,,,6,1,2,0,0,0,5,0,0,0,0,0,0,0,,,4,0,0,0,5,0
biojava/biojava,TestBasePairParameters_26c6c62.java,C:\Users\thali\Desktop\test-smells-and-flaky-test\output\fixes\TestBasePairParameters_26c6c62.java,,,,1,1,0,0,0,0,1,0,0,0,0,0,0,0,,,0,0,0,0,1,0
biojava/biojava,TestSubunitCluster_26c6c62.java,C:\Users\thali\Desktop\test-smells-and-flaky-test\output\fixes\TestSubunitCluster_26c6c62.java,,,,9,5,0,0,0,0,3,0,0,0,0,0,0,0,,,3,0,0,0,5,0
biojava/biojava,TestSubunitExtractor_26c6c62.java,C:\Users\thali\Desktop\test-smells-and-flaky-test\output\fixes\TestSubunitExtractor_26c6c62.java,,,,3,3,0,0,0,0,3,0,0,0,0,0,0,0,,,0,0,0,0,3,0
biojava/biojava,FastaAFPChainConverterTest_26c6c62.java,C:\Users\thali\Desktop\test-smells-and-flaky-test\output\fixes\FastaAFPChainConverterTest_26c6c62.java,,,,8,0,1,0,0,0,5,3,1,0,0,0,0,0,,,0,0,0,1,5,0
biojava/biojava,StructureSequenceMatcherTest_26c6c62.java,C:\Users\thali\Desktop\test-smells-and-flaky-test\output\fixes\StructureSequenceMatcherTest_26c6c62.java,,,,5,1,3,0,0,0,3,3,0,0,0,2,0,0,,,0,0,0,0,4,0
biojava/biojava,TestMMCIFWriting_26c6c62.java,C:\Users\thali\Desktop\test-smells-and-flaky-test\output\fixes\TestMMCIFWriting_26c6c62.java,,,,8,1,0,0,0,0,3,0,0,0,0,0,0,0,,,0,3,1,0,5,0
biojava/biojava,TestSecStrucCalc_26c6c62.java,C:\Users\thali\Desktop\test-smells-and-flaky-test\output\fixes\TestSecStrucCalc_26c6c62.java,,,,2,0,2,0,0,0,2,0,0,0,0,0,0,0,,,0,0,0,0,2,0
biojava/biojava,TestQuatSymmetryDetectorExamples_d205caa.java,C:\Users\thali\Desktop\test-smells-and-flaky-test\output\fixes\TestQuatSymmetryDetectorExamples_d205caa.java,,,,10,8,1,0,0,0,9,0,0,0,0,9,0,0,,,0,0,1,0,9,0
biojava/biojava,TestAtomCache_26c6c62.java,C:\Users\thali\Desktop\test-smells-and-flaky-test\output\fixes\TestAtomCache_26c6c62.java,,,,8,1,0,0,0,0,5,0,0,0,0,0,0,0,,,4,0,1,0,6,0
biojava/biojava,TestNucleotides_26c6c62.java,C:\Users\thali\Desktop\test-smells-and-flaky-test\output\fixes\TestNucleotides_26c6c62.java,,,,5,3,0,0,0,0,3,0,0,1,0,1,0,0,,,0,0,0,0,3,0
biojava/biojava,TestParsingCalcium_26c6c62.java,C:\Users\thali\Desktop\test-smells-and-flaky-test\output\fixes\TestParsingCalcium_26c6c62.java,,,,2,1,1,0,0,0,2,0,0,0,0,0,0,0,,,1,0,0,0,2,0
biojava/biojava,TestStructureSerialization_5cfd160.java,C:\Users\thali\Desktop\test-smells-and-flaky-test\output\fixes\TestStructureSerialization_5cfd160.java,,,,1,1,0,0,0,0,1,0,0,0,0,1,0,0,,,0,0,0,0,1,0
bpsm/edn-java,PrinterTest_9990787.java,C:\Users\thali\Desktop\test-smells-and-flaky-test\output\fixes\PrinterTest_9990787.java,,,,10,1,0,0,0,0,0,0,0,0,0,2,0,0,,,0,0,0,0,9,0
braintree/braintree_java,RequestBuilderTest_3f3b074.java,C:\Users\thali\Desktop\test-smells-and-flaky-test\output\fixes\RequestBuilderTest_3f3b074.java,,,,3,0,0,0,0,0,0,0,0,0,0,0,0,0,,,0,0,0,0,3,0
castle/castle-java,CastleContextTest_e221156.java,C:\Users\thali\Desktop\test-smells-and-flaky-test\output\fixes\CastleContextTest_e221156.java,,,,6,1,0,0,0,0,3,0,0,0,0,2,0,0,,,0,0,0,0,6,0
castle/castle-java,CastleDeviceTest_e221156.java,C:\Users\thali\Desktop\test-smells-and-flaky-test\output\fixes\CastleDeviceTest_e221156.java,,,,2,0,0,0,0,0,0,0,0,0,0,0,0,0,,,0,0,0,0,2,0
castle/castle-java,CastleMessageTest_e221156.java,C:\Users\thali\Desktop\test-smells-and-flaky-test\output\fixes\CastleMessageTest_e221156.java,,,,6,2,0,0,0,0,0,0,0,0,0,0,0,0,,,1,0,0,0,6,0
castle/castle-java,CastleUserAddressTest_e221156.java,C:\Users\thali\Desktop\test-smells-and-flaky-test\output\fixes\CastleUserAddressTest_e221156.java,,,,1,0,0,0,0,0,0,0,0,0,0,0,0,0,,,0,0,0,0,1,0
castle/castle-java,CastleUserDeviceContextTest_e221156.java,C:\Users\thali\Desktop\test-smells-and-flaky-test\output\fixes\CastleUserDeviceContextTest_e221156.java,,,,2,1,0,0,0,0,0,0,0,0,0,0,0,0,,,0,0,0,0,2,0
castle/castle-java,CastleUserDevicesTest_e221156.java,C:\Users\thali\Desktop\test-smells-and-flaky-test\output\fixes\CastleUserDevicesTest_e221156.java,,,,2,1,0,0,0,0,0,0,0,0,0,0,0,0,,,0,0,0,0,2,0
castle/castle-java,CastleUserDeviceTest_e221156.java,C:\Users\thali\Desktop\test-smells-and-flaky-test\output\fixes\CastleUserDeviceTest_e221156.java,,,,2,1,0,0,0,0,0,0,0,0,0,0,0,0,,,0,0,0,0,2,0
castle/castle-java,CastleUserTest_e221156.java,C:\Users\thali\Desktop\test-smells-and-flaky-test\output\fixes\CastleUserTest_e221156.java,,,,1,0,0,0,0,0,0,0,0,0,0,0,0,0,,,0,0,0,0,1,0
castle/castle-java,DeviceUserAgentTest_e221156.java,C:\Users\thali\Desktop\test-smells-and-flaky-test\output\fixes\DeviceUserAgentTest_e221156.java,,,,2,1,0,0,0,0,0,0,0,0,0,0,0,0,,,0,0,0,0,2,0
cerner/common-kafka,ProcessingKafkaConsumerTest_0017910.java,C:\Users\thali\Desktop\test-smells-and-flaky-test\output\fixes\ProcessingKafkaConsumerTest_0017910.java,,,,62,22,1,0,0,0,10,57,0,0,0,0,0,5,,,5,0,0,0,57,0
classgraph/classgraph,JSONSerializationTest_21ba745.java,C:\Users\thali\Desktop\test-smells-and-flaky-test\output\fixes\JSONSerializationTest_21ba745.java,,,,2,1,0,0,0,0,0,0,0,0,0,0,0,0,,,1,0,0,0,2,0
ConsenSys/tessera,DiscoveryFactoryTest_5dd2b98.java,C:\Users\thali\Desktop\test-smells-and-flaky-test\output\fixes\DiscoveryFactoryTest_5dd2b98.java,,,,6,0,0,0,0,0,0,1,0,0,0,0,0,0,,,0,1,0,0,4,0
ConsenSys/tessera,AtomicLongSequenceTest_4b5d77b.java,C:\Users\thali\Desktop\test-smells-and-flaky-test\output\fixes\AtomicLongSequenceTest_4b5d77b.java,,,,7,1,0,0,0,0,2,4,0,0,0,0,0,0,,,0,0,0,0,5,0
ctco/cukes,HttpAssertionFacadeImplTest_55f8f3a.java,C:\Users\thali\Desktop\test-smells-and-flaky-test\output\fixes\HttpAssertionFacadeImplTest_55f8f3a.java,,,,8,0,0,0,0,0,1,0,0,0,0,0,0,0,,,0,5,0,0,6,0
DataDog/jmeter-datadog-backend-listener,DatadogBackendClientTest_5c97b62.java,C:\Users\thali\Desktop\test-smells-and-flaky-test\output\fixes\DatadogBackendClientTest_5c97b62.java,,,,6,3,2,0,0,0,1,3,0,0,0,0,0,0,,,1,0,0,0,3,0
dromara/hutool,StrJoinerTest_8b3789e.java,C:\Users\thali\Desktop\test-smells-and-flaky-test\output\fixes\StrJoinerTest_8b3789e.java,,,,6,2,0,0,0,0,0,0,0,0,0,6,0,0,,,0,0,0,0,6,0
dromara/hutool,JAXBUtilTest_46dbb94.java,C:\Users\thali\Desktop\test-smells-and-flaky-test\output\fixes\JAXBUtilTest_46dbb94.java,,,,2,1,0,0,0,0,0,0,0,0,0,0,0,0,,,0,0,0,0,2,0
dromara/hutool,XMLTest_738f6ce.java,C:\Users\thali\Desktop\test-smells-and-flaky-test\output\fixes\XMLTest_738f6ce.java,,,,3,2,0,0,0,0,0,0,0,0,0,1,0,0,,,0,0,0,0,3,0
dropwizard/dropwizard,App1Test_ffdacf0.java,C:\Users\thali\Desktop\test-smells-and-flaky-test\output\fixes\App1Test_ffdacf0.java,,,,9,0,0,0,0,0,1,0,0,0,0,0,0,1,,,0,0,0,0,8,0
dropwizard/dropwizard,JsonHealthResponseProviderTest_7cfb786.java,C:\Users\thali\Desktop\test-smells-and-flaky-test\output\fixes\JsonHealthResponseProviderTest_7cfb786.java,,,,6,0,0,0,0,0,0,0,0,0,0,0,0,0,,,0,0,0,0,0,0
eBay/mTracker,FileUtilsTest_6382b46.java,C:\Users\thali\Desktop\test-smells-and-flaky-test\output\fixes\FileUtilsTest_6382b46.java,,,,5,3,0,0,0,0,0,0,3,1,0,0,0,0,,,1,0,0,3,5,0
eclipse-ee4j/tyrus,ExtendedExtensionTest_e02af53.java,C:\Users\thali\Desktop\test-smells-and-flaky-test\output\fixes\ExtendedExtensionTest_e02af53.java,,,,1,1,0,0,0,0,1,0,0,0,0,0,0,0,,,0,0,0,0,1,0
eclipse-ee4j/tyrus,MaxMessageSizeDeploymentTest_0bab5e3.java,C:\Users\thali\Desktop\test-smells-and-flaky-test\output\fixes\MaxMessageSizeDeploymentTest_0bab5e3.java,,,,4,2,0,0,0,0,4,0,0,0,0,0,0,0,,,0,0,0,0,4,0
epam/eco-schema-catalog,InheritingMetadataContainerTest_5ddb3d2.java,C:\Users\thali\Desktop\test-smells-and-flaky-test\output\fixes\InheritingMetadataContainerTest_5ddb3d2.java,,,,17,12,0,0,0,0,0,0,0,0,0,0,0,0,,,4,0,0,0,17,0
Ericsson/ecchronos,TestRepairStateImpl_f0c6099.java,C:\Users\thali\Desktop\test-smells-and-flaky-test\output\fixes\TestRepairStateImpl_f0c6099.java,,,,7,1,0,0,0,0,0,0,0,0,0,0,0,0,,,0,0,0,0,3,0
Ericsson/ecchronos,TestRepairGroup_caad175.java,C:\Users\thali\Desktop\test-smells-and-flaky-test\output\fixes\TestRepairGroup_caad175.java,,,,9,3,2,0,0,0,2,5,0,0,0,0,0,0,,,0,1,0,0,5,0
Ericsson/ecchronos,TestRepairTask_caad175.java,C:\Users\thali\Desktop\test-smells-and-flaky-test\output\fixes\TestRepairTask_caad175.java,,,,13,5,0,0,0,0,5,0,0,0,0,0,0,0,,,0,0,0,0,6,0
Erudika/para,MockDAOTest_c07db0b.java,C:\Users\thali\Desktop\test-smells-and-flaky-test\output\fixes\MockDAOTest_c07db0b.java,,,,0,0,0,0,0,0,0,0,0,0,0,0,0,0,,,0,0,0,0,0,0
fabiomaffioletti/jsondoc,JSONDocApiAuthBuilderTest_3b3907f.java,C:\Users\thali\Desktop\test-smells-and-flaky-test\output\fixes\JSONDocApiAuthBuilderTest_3b3907f.java,,,,1,1,1,0,0,0,0,0,0,0,0,0,0,0,,,1,0,0,0,1,0
FasterXML/jackson-annotations,JsonIncludePropertiesTest_880e3be.java,C:\Users\thali\Desktop\test-smells-and-flaky-test\output\fixes\JsonIncludePropertiesTest_880e3be.java,,,,6,4,0,0,0,0,0,0,0,0,1,1,0,0,,,0,0,0,0,5,0
FasterXML/jackson-databind,TestBeanConversions_2a4ec35.java,C:\Users\thali\Desktop\test-smells-and-flaky-test\output\fixes\TestBeanConversions_2a4ec35.java,,,,10,3,0,0,0,0,8,0,0,0,0,0,0,0,,,1,2,0,0,9,0
FasterXML/jackson-databind,TestConvertingSerializer_2a4ec35.java,C:\Users\thali\Desktop\test-smells-and-flaky-test\output\fixes\TestConvertingSerializer_2a4ec35.java,,,,9,0,0,0,0,0,9,0,0,0,0,0,0,0,,,0,0,0,0,9,0
FasterXML/jackson-databind,CyclicTypesDeserTest_2a4ec35.java,C:\Users\thali\Desktop\test-smells-and-flaky-test\output\fixes\CyclicTypesDeserTest_2a4ec35.java,,,,4,4,0,0,0,0,4,0,0,0,0,0,0,0,,,0,0,0,0,4,0
FasterXML/jackson-databind,MapEntryFormatTest_2a4ec35.java,C:\Users\thali\Desktop\test-smells-and-flaky-test\output\fixes\MapEntryFormatTest_2a4ec35.java,,,,5,4,0,0,0,0,5,0,0,0,0,0,0,0,,,0,0,0,0,5,0
FasterXML/jackson-databind,TestNamingStrategyStd_353efa3.java,C:\Users\thali\Desktop\test-smells-and-flaky-test\output\fixes\TestNamingStrategyStd_353efa3.java,,,,18,13,3,0,0,0,13,0,0,0,0,0,0,0,,,0,0,0,0,18,0
FasterXML/jackson-databind,TestGenerateJsonSchema_7ec49b1.java,C:\Users\thali\Desktop\test-smells-and-flaky-test\output\fixes\TestGenerateJsonSchema_7ec49b1.java,,,,8,4,0,0,0,0,7,0,0,0,0,1,0,0,,,0,0,0,0,7,0
FasterXML/jackson-databind,ExistingPropertyTest_2a4ec35.java,C:\Users\thali\Desktop\test-smells-and-flaky-test\output\fixes\ExistingPropertyTest_2a4ec35.java,,,,8,8,0,0,0,0,8,0,0,0,0,0,0,0,,,3,0,0,0,8,0
FasterXML/jackson-databind,MapperJDKSerializationTest_2a4ec35.java,C:\Users\thali\Desktop\test-smells-and-flaky-test\output\fixes\MapperJDKSerializationTest_2a4ec35.java,,,,10,8,0,0,0,0,8,0,0,0,0,0,0,0,,,0,0,0,0,8,0
FasterXML/jackson-databind,TestObjectIdWithEquals_2a4ec35.java,C:\Users\thali\Desktop\test-smells-and-flaky-test\output\fixes\TestObjectIdWithEquals_2a4ec35.java,,,,2,2,0,0,0,0,2,0,0,0,0,0,0,0,,,0,0,0,0,2,0
FasterXML/jackson-databind,AnyGetterTest_2a4ec35.java,C:\Users\thali\Desktop\test-smells-and-flaky-test\output\fixes\AnyGetterTest_2a4ec35.java,,,,10,2,0,0,0,0,10,0,0,0,0,0,0,0,,,0,0,0,0,10,0
FasterXML/jackson-databind,TestRootType_2a4ec35.java,C:\Users\thali\Desktop\test-smells-and-flaky-test\output\fixes\TestRootType_2a4ec35.java,,,,9,4,0,0,0,0,9,0,0,0,0,1,0,0,,,2,0,0,0,9,0
FasterXML/jackson-databind,TestPOJOAsArrayWithBuilder_2a4ec35.java,C:\Users\thali\Desktop\test-smells-and-flaky-test\output\fixes\TestPOJOAsArrayWithBuilder_2a4ec35.java,,,,5,4,0,0,0,0,5,0,0,0,0,0,0,0,,,2,0,0,0,5,0
FasterXML/jackson-dataformat-xml,AttributesWithJAXBTest_ae34653.java,C:\Users\thali\Desktop\test-smells-and-flaky-test\output\fixes\AttributesWithJAXBTest_ae34653.java,,,,2,0,0,0,0,0,2,0,0,0,0,0,0,0,,,0,0,0,0,2,0
FasterXML/jackson-dataformat-xml,ElementWrapperTest_95e9ba7.java,C:\Users\thali\Desktop\test-smells-and-flaky-test\output\fixes\ElementWrapperTest_95e9ba7.java,,,,2,0,0,0,0,0,2,0,0,0,0,0,0,0,,,0,0,0,0,2,0
FasterXML/jackson-dataformat-xml,WithJAXBAnnotationsTest_ae34653.java,C:\Users\thali\Desktop\test-smells-and-flaky-test\output\fixes\WithJAXBAnnotationsTest_ae34653.java,,,,5,3,0,0,0,0,4,2,0,0,0,0,0,0,,,0,0,0,0,4,0
FasterXML/jackson-dataformat-xml,Issue101UnwrappedListAttributesTest_ae34653.java,C:\Users\thali\Desktop\test-smells-and-flaky-test\output\fixes\Issue101UnwrappedListAttributesTest_ae34653.java,,,,1,1,0,0,0,0,1,0,0,0,0,0,0,0,,,0,0,0,0,1,0
FasterXML/jackson-dataformat-xml,ListAnnotationSharingTest_ae34653.java,C:\Users\thali\Desktop\test-smells-and-flaky-test\output\fixes\ListAnnotationSharingTest_ae34653.java,,,,1,1,0,0,0,0,1,0,0,0,0,0,0,0,,,0,0,0,0,1,0
FasterXML/jackson-dataformat-xml,UnwrappingWithXMLTest_ae34653.java,C:\Users\thali\Desktop\test-smells-and-flaky-test\output\fixes\UnwrappingWithXMLTest_ae34653.java,,,,3,3,0,0,0,0,3,0,0,0,0,0,0,0,,,0,0,0,0,3,0
FasterXML/jackson-dataformat-xml,TestIndentation_ae34653.java,C:\Users\thali\Desktop\test-smells-and-flaky-test\output\fixes\TestIndentation_ae34653.java,,,,7,4,3,0,0,0,6,0,0,0,0,0,0,0,,,1,0,0,0,6,0
FasterXML/jackson-dataformat-xml,TestJDKSerializability_ae34653.java,C:\Users\thali\Desktop\test-smells-and-flaky-test\output\fixes\TestJDKSerializability_ae34653.java,,,,3,1,0,0,0,0,1,0,0,0,0,0,0,0,,,0,0,0,0,1,0
FasterXML/jackson-dataformat-xml,TestSerializationAttr_ae34653.java,C:\Users\thali\Desktop\test-smells-and-flaky-test\output\fixes\TestSerializationAttr_ae34653.java,,,,5,0,0,0,0,0,4,0,0,0,0,0,0,0,,,0,0,0,0,4,0
FasterXML/jackson-dataformats-binary,SequenceWriterTest_dbcd66d.java,C:\Users\thali\Desktop\test-smells-and-flaky-test\output\fixes\SequenceWriterTest_dbcd66d.java,,,,1,1,0,0,0,0,1,0,0,0,0,1,0,0,,,1,0,0,0,1,0
FasterXML/jackson-dataformats-binary,ReadSimpleTest_dbcd66d.java,C:\Users\thali\Desktop\test-smells-and-flaky-test\output\fixes\ReadSimpleTest_dbcd66d.java,,,,9,9,3,0,0,0,9,0,0,0,0,1,0,0,,,2,0,0,0,9,0
FasterXML/jackson-dataformats-binary,WriteArrayTest_dbcd66d.java,C:\Users\thali\Desktop\test-smells-and-flaky-test\output\fixes\WriteArrayTest_dbcd66d.java,,,,4,4,0,0,0,0,4,0,0,0,0,0,0,0,,,0,0,0,0,4,0
FasterXML/jackson-dataformats-binary,WriteBinaryTest_dbcd66d.java,C:\Users\thali\Desktop\test-smells-and-flaky-test\output\fixes\WriteBinaryTest_dbcd66d.java,,,,2,1,0,0,0,0,1,0,0,0,0,0,0,0,,,0,0,0,0,1,0
FasterXML/jackson-dataformats-binary,WriteSimpleTest_dbcd66d.java,C:\Users\thali\Desktop\test-smells-and-flaky-test\output\fixes\WriteSimpleTest_dbcd66d.java,,,,8,8,0,0,0,0,8,0,0,0,0,0,0,0,,,1,0,0,0,8,0
FasterXML/jackson-dataformats-binary,WriteStringsTest_dbcd66d.java,C:\Users\thali\Desktop\test-smells-and-flaky-test\output\fixes\WriteStringsTest_dbcd66d.java,,,,7,1,0,0,0,0,4,0,0,0,0,0,0,0,,,1,3,0,0,4,0
FasterXML/jackson-dataformats-text,ObjectIdTest_3b7f282.java,C:\Users\thali\Desktop\test-smells-and-flaky-test\output\fixes\ObjectIdTest_3b7f282.java,,,,6,2,0,0,0,0,5,0,0,0,0,0,0,0,,,0,1,0,0,5,0
FasterXML/jackson-jaxrs-providers,AnnotationBundleKeyTest_f302345.java,C:\Users\thali\Desktop\test-smells-and-flaky-test\output\fixes\AnnotationBundleKeyTest_f302345.java,,,,8,0,0,0,0,0,6,0,0,0,0,0,0,0,,,0,6,0,0,6,0
FasterXML/jackson-jaxrs-providers,WriteModificationsTest_ea92d82.java,C:\Users\thali\Desktop\test-smells-and-flaky-test\output\fixes\WriteModificationsTest_ea92d82.java,,,,1,0,0,0,0,0,0,0,0,0,0,0,0,0,,,0,0,0,0,0,0
FasterXML/jackson-module-jsonSchema,TestGenerateJsonSchema_f56c7ff.java,C:\Users\thali\Desktop\test-smells-and-flaky-test\output\fixes\TestGenerateJsonSchema_f56c7ff.java,,,,11,8,0,0,0,0,11,0,0,0,0,0,0,0,,,1,0,0,0,11,0
FasterXML/jackson-module-jsonSchema,TestUnwrapping_bddc773.java,C:\Users\thali\Desktop\test-smells-and-flaky-test\output\fixes\TestUnwrapping_bddc773.java,,,,1,0,0,0,0,0,1,0,0,0,0,0,0,0,,,0,0,0,0,1,0
FasterXML/jackson-modules-base,JDKScalarsDeserTest_cd61a80.java,C:\Users\thali\Desktop\test-smells-and-flaky-test\output\fixes\JDKScalarsDeserTest_cd61a80.java,,,,36,20,3,0,0,0,30,0,0,0,0,0,0,0,,,8,3,0,0,30,0
FasterXML/jackson-modules-base,TestIssue14_cd61a80.java,C:\Users\thali\Desktop\test-smells-and-flaky-test\output\fixes\TestIssue14_cd61a80.java,,,,1,1,0,0,0,0,1,0,0,0,0,0,0,0,,,0,0,0,0,1,0
FasterXML/jackson-modules-base,MapFormatShapeTest_cd61a80.java,C:\Users\thali\Desktop\test-smells-and-flaky-test\output\fixes\MapFormatShapeTest_cd61a80.java,,,,3,2,0,0,0,0,3,0,0,0,1,0,0,0,,,0,0,0,0,3,0
FasterXML/jackson-modules-base,TestInclusionAnnotations_cd61a80.java,C:\Users\thali\Desktop\test-smells-and-flaky-test\output\fixes\TestInclusionAnnotations_cd61a80.java,,,,4,4,0,0,0,0,4,0,0,0,0,0,0,0,,,1,0,0,0,4,0
FasterXML/jackson-modules-base,TestJsonFilter_cd61a80.java,C:\Users\thali\Desktop\test-smells-and-flaky-test\output\fixes\TestJsonFilter_cd61a80.java,,,,6,3,0,0,0,0,6,0,0,0,0,0,0,0,,,0,0,0,0,6,0
FasterXML/jackson-modules-base,TestSimpleSerialize_cd61a80.java,C:\Users\thali\Desktop\test-smells-and-flaky-test\output\fixes\TestSimpleSerialize_cd61a80.java,,,,17,6,0,0,0,0,17,0,0,0,0,0,0,0,,,0,0,0,0,17,0
FasterXML/jackson-modules-base,TestStdSerializerOverrides_cd61a80.java,C:\Users\thali\Desktop\test-smells-and-flaky-test\output\fixes\TestStdSerializerOverrides_cd61a80.java,,,,7,2,0,0,0,0,7,0,0,0,0,0,0,0,,,0,0,0,0,7,0
FasterXML/java-classmate,GhostTypeParameterInFieldTest_bd0b344.java,C:\Users\thali\Desktop\test-smells-and-flaky-test\output\fixes\GhostTypeParameterInFieldTest_bd0b344.java,,,,2,2,0,0,0,0,0,0,0,0,0,0,0,0,,,0,0,0,0,2,0
fhoeben/hsac-fitnesse-fixtures,FileFixtureTest_def7ca5.java,C:\Users\thali\Desktop\test-smells-and-flaky-test\output\fixes\FileFixtureTest_def7ca5.java,,,,11,7,1,0,0,0,7,0,0,0,0,0,0,0,,,0,0,0,1,10,0
fhoeben/hsac-fitnesse-fixtures,JsonHttpTestTest_99c43c0.java,C:\Users\thali\Desktop\test-smells-and-flaky-test\output\fixes\JsonHttpTestTest_99c43c0.java,,,,11,6,0,0,0,0,2,0,0,0,0,1,0,0,,,0,0,0,0,10,0
fhoeben/hsac-fitnesse-fixtures,JsonHelperTest_99c43c0.java,C:\Users\thali\Desktop\test-smells-and-flaky-test\output\fixes\JsonHelperTest_99c43c0.java,,,,8,0,0,0,0,0,0,0,0,0,0,0,0,0,,,0,0,0,0,8,0
fhoeben/hsac-fitnesse-fixtures,NamespaceContextImplTest_99c43c0.java,C:\Users\thali\Desktop\test-smells-and-flaky-test\output\fixes\NamespaceContextImplTest_99c43c0.java,,,,6,4,2,0,0,0,1,0,0,0,0,0,0,0,,,0,1,0,0,6,0
fhoeben/hsac-fitnesse-fixtures,XmlHttpResponseTest_99c43c0.java,C:\Users\thali\Desktop\test-smells-and-flaky-test\output\fixes\XmlHttpResponseTest_99c43c0.java,,,,13,4,0,0,0,0,0,0,2,0,0,0,0,0,,,1,3,0,0,10,0
flowable/flowable-engine,VariableFunctionDelegatesTest_c8e707d.java,C:\Users\thali\Desktop\test-smells-and-flaky-test\output\fixes\VariableFunctionDelegatesTest_c8e707d.java,,,,19,18,0,0,0,0,0,0,0,0,0,0,0,0,,,15,0,0,0,19,0
flowable/flowable-engine,RepetitionRuleTest_c8e707d.java,C:\Users\thali\Desktop\test-smells-and-flaky-test\output\fixes\RepetitionRuleTest_c8e707d.java,,,,11,10,9,0,0,0,0,0,0,0,0,0,0,0,,,7,0,0,0,11,0
flowable/flowable-engine,ProcessTaskTest_c8e707d.java,C:\Users\thali\Desktop\test-smells-and-flaky-test\output\fixes\ProcessTaskTest_c8e707d.java,,,,37,31,5,0,0,0,0,0,0,0,0,0,0,0,,,14,0,0,0,34,0
flowable/flowable-engine,CaseTaskTest_c8e707d.java,C:\Users\thali\Desktop\test-smells-and-flaky-test\output\fixes\CaseTaskTest_c8e707d.java,,,,33,13,1,0,0,0,0,26,0,0,0,0,0,0,,,11,0,0,0,28,0
flowable/flowable-engine,ExitCriteriaTest_c8e707d.java,C:\Users\thali\Desktop\test-smells-and-flaky-test\output\fixes\ExitCriteriaTest_c8e707d.java,,,,11,8,1,0,0,0,0,0,0,0,0,0,0,0,,,4,0,0,0,11,0
flowable/flowable-engine,ChangeStateForGatewaysTest_3237680.java,C:\Users\thali\Desktop\test-smells-and-flaky-test\output\fixes\ChangeStateForGatewaysTest_3237680.java,,,,32,30,12,0,0,0,0,0,0,0,0,0,0,0,,,20,0,0,0,30,0
flowable/flowable-engine,ChangeStateTest_0f49049.java,C:\Users\thali\Desktop\test-smells-and-flaky-test\output\fixes\ChangeStateTest_0f49049.java,,,,60,55,0,0,0,0,0,0,0,0,0,0,0,0,,,53,0,0,0,55,0
flowable/flowable-engine,ProcessInstanceMigrationGatewaysTest_c8e707d.java,C:\Users\thali\Desktop\test-smells-and-flaky-test\output\fixes\ProcessInstanceMigrationGatewaysTest_c8e707d.java,,,,30,29,27,0,0,0,1,0,0,0,0,0,0,0,,,29,0,0,0,29,0
flowable/flowable-engine,VariableExpressionFunctionsTest_c8e707d.java,C:\Users\thali\Desktop\test-smells-and-flaky-test\output\fixes\VariableExpressionFunctionsTest_c8e707d.java,,,,15,15,0,0,0,0,0,0,0,0,0,0,0,0,,,13,0,0,0,15,0
GoogleCloudPlatform/appengine-plugins-core,InstallerTest_d3160f0.java,C:\Users\thali\Desktop\test-smells-and-flaky-test\output\fixes\InstallerTest_d3160f0.java,,,,6,0,0,0,0,0,3,0,0,0,0,0,0,0,,,0,3,0,0,3,0
graphhopper/graphhopper,StringIndexTest_c7d9f97.java,C:\Users\thali\Desktop\test-smells-and-flaky-test\output\fixes\StringIndexTest_c7d9f97.java,,,,16,9,5,0,0,0,3,0,0,0,0,2,0,0,,,2,0,0,2,12,0
Graylog2/graylog2-server,ViewSharingResourceTest_46667f7.java,C:\Users\thali\Desktop\test-smells-and-flaky-test\output\fixes\ViewSharingResourceTest_46667f7.java,,,,3,0,0,0,0,0,0,0,0,0,0,0,0,0,,,0,0,0,0,2,0
Graylog2/graylog2-server,ViewRequirementsTest_278f499.java,C:\Users\thali\Desktop\test-smells-and-flaky-test\output\fixes\ViewRequirementsTest_278f499.java,,,,5,0,0,0,0,0,0,0,0,0,0,0,0,0,,,0,0,0,0,5,0
Graylog2/graylog2-server,ValueReferenceTest_00574b8.java,C:\Users\thali\Desktop\test-smells-and-flaky-test\output\fixes\ValueReferenceTest_00574b8.java,,,,22,14,0,0,0,0,11,0,0,0,0,0,0,0,,,0,0,1,0,20,0
Graylog2/graylog2-server,V20161215163900_MoveIndexSetDefaultConfigTest_44e2087.java,C:\Users\thali\Desktop\test-smells-and-flaky-test\output\fixes\V20161215163900_MoveIndexSetDefaultConfigTest_44e2087.java,,,,5,2,0,0,0,0,4,0,0,0,0,0,0,0,,,0,1,0,0,4,0
Graylog2/graylog2-server,LookupCacheKeyTest_6ceaba4.java,C:\Users\thali\Desktop\test-smells-and-flaky-test\output\fixes\LookupCacheKeyTest_6ceaba4.java,,,,4,4,0,0,0,0,2,0,0,0,0,0,0,0,,,0,0,0,0,4,0
Graylog2/graylog2-server,IPSubnetConverterTest_e94d102.java,C:\Users\thali\Desktop\test-smells-and-flaky-test\output\fixes\IPSubnetConverterTest_e94d102.java,,,,5,1,0,0,0,0,3,0,0,0,0,0,0,0,,,0,2,0,0,5,0
hexagonframework/spring-data-ebean,UserRepositoryIntegrationTest_335ea40.java,C:\Users\thali\Desktop\test-smells-and-flaky-test\output\fixes\UserRepositoryIntegrationTest_335ea40.java,,,,42,10,3,0,0,0,35,41,0,1,0,0,0,0,,,0,0,0,0,41,0
HubSpot/jinjava,ListFilterTest_9f06136.java,C:\Users\thali\Desktop\test-smells-and-flaky-test\output\fixes\ListFilterTest_9f06136.java,,,,5,1,0,0,0,0,0,0,0,0,0,0,0,0,,,0,0,0,0,4,0
HubSpot/jinjava,ToJsonFilterTest_9f06136.java,C:\Users\thali\Desktop\test-smells-and-flaky-test\output\fixes\ToJsonFilterTest_9f06136.java,,,,2,1,0,0,0,0,0,0,0,0,0,0,0,0,,,0,0,0,0,1,0
HubSpot/jinjava,ToYamlFilterTest_9f06136.java,C:\Users\thali\Desktop\test-smells-and-flaky-test\output\fixes\ToYamlFilterTest_9f06136.java,,,,2,1,0,0,0,0,0,0,0,0,0,0,0,0,,,0,0,0,0,1,0
immutables/immutables,BugsTest_033039a.java,C:\Users\thali\Desktop\test-smells-and-flaky-test\output\fixes\BugsTest_033039a.java,,,,4,0,0,0,0,0,4,0,0,0,0,0,0,0,,,0,4,0,0,4,0
immutables/immutables,ObjectMappedTest_033039a.java,C:\Users\thali\Desktop\test-smells-and-flaky-test\output\fixes\ObjectMappedTest_033039a.java,,,,24,0,0,0,0,0,24,0,0,0,0,0,0,0,,,0,24,0,0,24,0
immutables/immutables,ModifiablesTest_033039a.java,C:\Users\thali\Desktop\test-smells-and-flaky-test\output\fixes\ModifiablesTest_033039a.java,,,,20,0,0,0,0,0,0,0,0,0,0,0,0,0,,,0,20,0,0,20,0
intel/jndn-utils,DefaultSegmentedClientTest_d82c97c.java,C:\Users\thali\Desktop\test-smells-and-flaky-test\output\fixes\DefaultSegmentedClientTest_d82c97c.java,,,,3,3,2,0,0,0,3,0,0,0,0,2,0,0,,,0,0,0,0,3,0
j256/ormlite-core,FieldTypeTest_4d6a911.java,C:\Users\thali\Desktop\test-smells-and-flaky-test\output\fixes\FieldTypeTest_4d6a911.java,,,,58,23,0,0,0,0,58,0,0,0,0,1,0,0,,,2,0,0,0,58,0
j256/ormlite-core,DatabaseConnectionProxyFactoryTest_0e0fd70.java,C:\Users\thali\Desktop\test-smells-and-flaky-test\output\fixes\DatabaseConnectionProxyFactoryTest_0e0fd70.java,,,,3,2,0,0,0,0,2,0,0,0,0,0,0,0,,,0,0,0,0,2,0
j256/ormlite-core,ReflectionDatabaseConnectionProxyFactoryTest_f0ff9a1.java,C:\Users\thali\Desktop\test-smells-and-flaky-test\output\fixes\ReflectionDatabaseConnectionProxyFactoryTest_f0ff9a1.java,,,,4,1,0,0,0,0,1,0,0,0,0,0,0,0,,,0,0,0,0,1,0
javadev/underscore-java,ArraysTest_595dc34.java,C:\Users\thali\Desktop\test-smells-and-flaky-test\output\fixes\ArraysTest_595dc34.java,,,,40,35,0,0,0,0,0,0,0,0,0,29,0,0,,,0,0,0,0,40,0
jmeter-maven-plugin/jmeter-maven-plugin,TestConfigTest_6636cd7.java,C:\Users\thali\Desktop\test-smells-and-flaky-test\output\fixes\TestConfigTest_6636cd7.java,,,,12,5,0,0,0,0,12,0,12,0,0,0,0,0,,,3,0,0,12,12,0
karatelabs/karate,JsonUtilsTest_dbae118.java,C:\Users\thali\Desktop\test-smells-and-flaky-test\output\fixes\JsonUtilsTest_dbae118.java,,,,7,1,0,0,0,0,0,0,0,0,0,0,0,0,,,1,0,5,0,1,0
Kong/unirest-java,DefectTest_c4b7e59.java,C:\Users\thali\Desktop\test-smells-and-flaky-test\output\fixes\DefectTest_c4b7e59.java,,,,3,0,0,0,0,0,0,0,0,0,0,0,0,0,,,0,0,0,0,0,0
ktuukkan/marine-api,AbstractAISMessageListenerTest_b5b80bc.java,C:\Users\thali\Desktop\test-smells-and-flaky-test\output\fixes\AbstractAISMessageListenerTest_b5b80bc.java,,,,9,7,0,0,0,0,1,0,0,0,0,4,0,0,,,2,0,0,0,9,0
ktuukkan/marine-api,AISMessageFactoryTest_b5b80bc.java,C:\Users\thali\Desktop\test-smells-and-flaky-test\output\fixes\AISMessageFactoryTest_b5b80bc.java,,,,3,3,0,0,0,0,1,0,0,0,0,0,0,0,,,0,0,0,0,3,0
liquibase/liquibase,AddColumnGeneratorDefaultClauseBeforeNotNullTest_71906e0.java,C:\Users\thali\Desktop\test-smells-and-flaky-test\output\fixes\AddColumnGeneratorDefaultClauseBeforeNotNullTest_71906e0.java,,,,2,0,0,0,0,0,0,0,0,0,0,0,0,0,,,0,0,0,0,1,0
liquibase/liquibase,AddColumnGeneratorTest_71906e0.java,C:\Users\thali\Desktop\test-smells-and-flaky-test\output\fixes\AddColumnGeneratorTest_71906e0.java,,,,5,2,0,0,0,0,0,0,0,0,0,0,0,0,,,0,0,0,0,3,0
liquibase/liquibase,DropColumnGeneratorTest_71906e0.java,C:\Users\thali\Desktop\test-smells-and-flaky-test\output\fixes\DropColumnGeneratorTest_71906e0.java,,,,2,1,0,0,0,0,0,0,0,0,0,0,0,0,,,0,0,0,0,1,0
liquibase/liquibase,DependencyUtilTest_2245ab7.java,C:\Users\thali\Desktop\test-smells-and-flaky-test\output\fixes\DependencyUtilTest_2245ab7.java,,,,8,0,1,0,0,0,0,0,0,0,0,0,0,0,,,0,0,0,0,7,0
looly/hutool,EnumUtilTest_57d68a4.java,C:\Users\thali\Desktop\test-smells-and-flaky-test\output\fixes\EnumUtilTest_57d68a4.java,,,,6,1,0,0,0,0,0,0,0,0,0,0,0,0,,,0,0,0,0,6,0
microsoft/botbuilder-java,AdditionalPropertiesSerializerTests_6367769.java,C:\Users\thali\Desktop\test-smells-and-flaky-test\output\fixes\AdditionalPropertiesSerializerTests_6367769.java,,,,5,2,0,0,0,0,4,0,0,0,0,0,0,0,,,0,0,0,0,4,0
microsoft/botbuilder-java,FlatteningSerializerTests_6367769.java,C:\Users\thali\Desktop\test-smells-and-flaky-test\output\fixes\FlatteningSerializerTests_6367769.java,,,,19,16,9,0,0,0,17,0,0,0,0,0,0,0,,,4,0,0,0,17,0
mirromutth/r2dbc-mysql,SetCodecTest_76beeac.java,C:\Users\thali\Desktop\test-smells-and-flaky-test\output\fixes\SetCodecTest_76beeac.java,,,,8,0,0,0,0,0,0,0,0,0,0,0,0,0,,,0,0,0,0,0,0
mock-server/mockserver,HttpServletRequestToMockServerHttpRequestDecoderTest_b6ff6e5.java,C:\Users\thali\Desktop\test-smells-and-flaky-test\output\fixes\HttpServletRequestToMockServerHttpRequestDecoderTest_b6ff6e5.java,,,,3,1,0,0,0,0,1,0,0,0,0,1,0,0,,,0,0,0,0,3,0
mock-server/mockserver,HttpForwardTest_942a978.java,C:\Users\thali\Desktop\test-smells-and-flaky-test\output\fixes\HttpForwardTest_942a978.java,,,,7,2,0,0,0,0,0,0,0,0,1,1,0,0,,,0,0,0,0,6,0
mock-server/mockserver,HttpResponseTest_b1093ef.java,C:\Users\thali\Desktop\test-smells-and-flaky-test\output\fixes\HttpResponseTest_b1093ef.java,,,,20,13,0,0,0,0,0,0,3,0,1,1,0,0,,,0,0,0,0,19,0
mock-server/mockserver,JsonBodyTest_2831194.java,C:\Users\thali\Desktop\test-smells-and-flaky-test\output\fixes\JsonBodyTest_2831194.java,,,,15,14,1,0,0,0,0,0,0,0,0,0,0,0,,,0,0,0,0,14,0
mock-server/mockserver,JsonBodySerializerTest_b76cfb4.java,C:\Users\thali\Desktop\test-smells-and-flaky-test\output\fixes\JsonBodySerializerTest_b76cfb4.java,,,,9,0,0,0,0,0,9,0,0,0,0,0,0,0,,,0,0,0,0,9,0
mybatis/mybatis-3,ReflectorTest_7459cad.java,C:\Users\thali\Desktop\test-smells-and-flaky-test\output\fixes\ReflectorTest_7459cad.java,,,,17,2,0,0,0,0,2,0,0,0,0,0,0,0,,,0,0,2,0,2,0
nationalsecurityagency/timely,MetricAdapterTest_2891794.java,C:\Users\thali\Desktop\test-smells-and-flaky-test\output\fixes\MetricAdapterTest_2891794.java,,,,7,5,0,0,0,0,6,0,0,0,0,0,0,0,,,1,0,0,0,6,0
nationalsecurityagency/timely,QueryResponseTest_2891794.java,C:\Users\thali\Desktop\test-smells-and-flaky-test\output\fixes\QueryResponseTest_2891794.java,,,,2,0,0,0,0,0,2,0,0,0,0,0,0,0,,,0,0,0,0,2,0
nationalsecurityagency/timely,SearchLookupResponseTest_2891794.java,C:\Users\thali\Desktop\test-smells-and-flaky-test\output\fixes\SearchLookupResponseTest_2891794.java,,,,2,1,0,0,0,0,2,0,0,1,0,0,0,0,,,0,1,0,0,2,0
nationalsecurityagency/timely,AuthCacheTest_2891794.java,C:\Users\thali\Desktop\test-smells-and-flaky-test\output\fixes\AuthCacheTest_2891794.java,,,,6,1,0,0,0,0,2,0,0,0,0,1,0,0,,,0,0,0,0,2,0
networknt/json-schema-validator,CollectorContextTest_4ac0fbd.java,C:\Users\thali\Desktop\test-smells-and-flaky-test\output\fixes\CollectorContextTest_4ac0fbd.java,,,,11,3,0,0,0,0,3,0,0,0,0,0,0,0,,,1,0,0,0,3,0
networknt/light-4j,ConsulRegistryTest_e1e8486.java,C:\Users\thali\Desktop\test-smells-and-flaky-test\output\fixes\ConsulRegistryTest_e1e8486.java,,,,7,3,0,0,0,0,3,3,0,0,0,0,0,3,,,2,0,0,0,3,0
networknt/light-4j,HeaderHandlerTest_b7cb71c.java,C:\Users\thali\Desktop\test-smells-and-flaky-test\output\fixes\HeaderHandlerTest_b7cb71c.java,,,,7,3,0,0,0,0,3,0,0,0,0,0,0,0,,,0,0,0,0,3,0
networknt/light-4j,PortalRegistryTest_e1e8486.java,C:\Users\thali\Desktop\test-smells-and-flaky-test\output\fixes\PortalRegistryTest_e1e8486.java,,,,8,4,1,0,0,0,2,5,0,1,0,0,0,2,,,1,0,1,0,5,0
networknt/light-4j,URLTest_08eb2f9.java,C:\Users\thali\Desktop\test-smells-and-flaky-test\output\fixes\URLTest_08eb2f9.java,,,,3,1,0,0,0,1,0,0,0,0,0,0,0,0,,,0,1,1,0,2,0
networknt/light-4j,URLNormalizerTest_8662893.java,C:\Users\thali\Desktop\test-smells-and-flaky-test\output\fixes\URLNormalizerTest_8662893.java,,,,28,20,1,0,0,0,0,0,0,0,0,26,0,0,,,19,0,0,0,26,0
networknt/light-4j,SharedMetricRegistriesTest_d816fd1.java,C:\Users\thali\Desktop\test-smells-and-flaky-test\output\fixes\SharedMetricRegistriesTest_d816fd1.java,,,,8,3,0,0,0,0,6,0,0,0,0,0,0,0,,,0,0,0,0,6,0
nutzam/nutz,JsonTest_d4694e7.java,C:\Users\thali\Desktop\test-smells-and-flaky-test\output\fixes\JsonTest_d4694e7.java,,,,101,52,0,0,0,1,30,0,1,15,0,2,0,0,,,4,1,1,1,97,0
OpenAPITools/openapi-generator,AbstractJavaCodegenTest_c09c626.java,C:\Users\thali\Desktop\test-smells-and-flaky-test\output\fixes\AbstractJavaCodegenTest_c09c626.java,,,,48,15,0,0,0,0,16,0,0,0,0,1,0,0,,,0,0,0,0,47,0
OpenFeign/feign,JsonEncoderTest_841f5ef.java,C:\Users\thali\Desktop\test-smells-and-flaky-test\output\fixes\JsonEncoderTest_841f5ef.java,,,,5,1,0,0,0,0,0,4,0,0,0,0,0,0,,,0,0,0,0,4,0
OpenFeign/feign,RequestHeadersTest_e4d0f76.java,C:\Users\thali\Desktop\test-smells-and-flaky-test\output\fixes\RequestHeadersTest_e4d0f76.java,,,,6,2,0,0,0,0,0,0,0,0,0,1,0,0,,,0,0,0,0,6,0
OpenFeign/feign,TypesResolveReturnTypeTest_3e274d0.java,C:\Users\thali\Desktop\test-smells-and-flaky-test\output\fixes\TypesResolveReturnTypeTest_3e274d0.java,,,,28,27,0,0,0,0,0,0,0,0,0,0,0,0,,,3,0,0,0,27,0
OpenGamma/Strata,CombinedMarketDataTest_6ed634d.java,C:\Users\thali\Desktop\test-smells-and-flaky-test\output\fixes\CombinedMarketDataTest_6ed634d.java,,,,5,1,0,0,0,0,0,0,0,0,0,0,0,0,,,0,1,0,0,3,0
OpenGamma/Strata,ExtendedMarketDataTest_6ed634d.java,C:\Users\thali\Desktop\test-smells-and-flaky-test\output\fixes\ExtendedMarketDataTest_6ed634d.java,,,,5,2,0,0,0,0,0,0,0,0,0,0,0,0,,,0,1,0,0,4,0
OpenGamma/Strata,MarketDataTest_6ed634d.java,C:\Users\thali\Desktop\test-smells-and-flaky-test\output\fixes\MarketDataTest_6ed634d.java,,,,18,11,0,0,0,0,0,0,0,0,0,0,0,0,,,0,1,0,0,18,0
OpenGamma/Strata,ExtendedScenarioMarketDataTest_9061d14.java,C:\Users\thali\Desktop\test-smells-and-flaky-test\output\fixes\ExtendedScenarioMarketDataTest_9061d14.java,,,,5,2,0,0,0,0,0,0,0,0,0,0,0,0,,,0,1,0,0,4,0
OpenGamma/Strata,RepeatedScenarioMarketDataTest_6ed634d.java,C:\Users\thali\Desktop\test-smells-and-flaky-test\output\fixes\RepeatedScenarioMarketDataTest_6ed634d.java,,,,7,3,0,0,0,0,0,0,0,0,0,0,0,0,,,1,1,0,0,5,0
OpenHFT/Chronicle-Wire,BinaryInTextTest_7a64125.java,C:\Users\thali\Desktop\test-smells-and-flaky-test\output\fixes\BinaryInTextTest_7a64125.java,,,,2,1,0,0,0,0,0,0,0,0,0,1,0,0,,,0,0,0,0,2,0
OpenHFT/Chronicle-Wire,TextWireTest_d20caa8.java,C:\Users\thali\Desktop\test-smells-and-flaky-test\output\fixes\TextWireTest_d20caa8.java,,,,93,48,9,0,0,0,3,0,0,7,0,48,0,0,,,2,0,3,0,87,0
OpenHFT/Chronicle-Wire,YamlWireTest_d20caa8.java,C:\Users\thali\Desktop\test-smells-and-flaky-test\output\fixes\YamlWireTest_d20caa8.java,,,,95,41,5,0,0,0,1,0,0,4,0,40,0,0,,,1,0,20,0,72,0
openpojo/openpojo,IssueTest_503d059.java,C:\Users\thali\Desktop\test-smells-and-flaky-test\output\fixes\IssueTest_503d059.java,,,,4,1,0,0,0,0,0,0,0,0,0,0,0,0,,,0,0,0,0,1,0
oracle/tribuo,CSVSaverWithMultiOutputsTest_7da1456.java,C:\Users\thali\Desktop\test-smells-and-flaky-test\output\fixes\CSVSaverWithMultiOutputsTest_7da1456.java,,,,4,4,0,0,0,0,4,0,4,0,0,0,0,0,,,0,0,0,4,4,0
oracle/weblogic-monitoring-exporter,ExporterConfigTest_06e5294.java,C:\Users\thali\Desktop\test-smells-and-flaky-test\output\fixes\ExporterConfigTest_06e5294.java,,,,57,10,0,0,0,0,0,0,0,0,0,11,0,0,,,0,0,0,0,46,0
oracle/weblogic-monitoring-exporter,MBeanSelectorTest_06e5294.java,C:\Users\thali\Desktop\test-smells-and-flaky-test\output\fixes\MBeanSelectorTest_06e5294.java,,,,42,4,0,0,0,0,0,0,0,0,0,0,0,0,,,0,0,0,0,33,0
oracle/weblogic-monitoring-exporter,WebClient8ImplTest_06e5294.java,C:\Users\thali\Desktop\test-smells-and-flaky-test\output\fixes\WebClient8ImplTest_06e5294.java,,,,0,0,0,0,0,0,0,0,0,0,0,0,0,0,,,0,0,0,0,0,0
oracle/weblogic-monitoring-exporter,WebClientImplTest_06e5294.java,C:\Users\thali\Desktop\test-smells-and-flaky-test\output\fixes\WebClientImplTest_06e5294.java,,,,0,0,0,0,0,0,0,0,0,0,0,0,0,0,,,0,0,0,0,0,0
orbisgis/h2gis,TopographyTest_964d2b6.java,C:\Users\thali\Desktop\test-smells-and-flaky-test\output\fixes\TopographyTest_964d2b6.java,,,,30,4,1,0,0,0,25,0,0,0,0,0,0,0,,,5,0,0,0,26,0
OryxProject/oryx,TextUtilsTest_39a0b55.java,C:\Users\thali\Desktop\test-smells-and-flaky-test\output\fixes\TextUtilsTest_39a0b55.java,,,,11,8,0,0,0,0,2,0,0,0,0,0,0,0,,,0,0,0,0,11,0
pedrovgs/Algorithms,FindNthMostRepeatedElementTest_8c92aa6.java,C:\Users\thali\Desktop\test-smells-and-flaky-test\output\fixes\FindNthMostRepeatedElementTest_8c92aa6.java,,,,5,0,0,0,0,0,0,0,0,0,0,0,0,0,,,0,0,0,0,4,0
pholser/junit-quickcheck,CallablePropertyParameterTest_08098ce.java,C:\Users\thali\Desktop\test-smells-and-flaky-test\output\fixes\CallablePropertyParameterTest_08098ce.java,,,,1,1,0,0,0,0,1,0,0,0,0,0,0,0,,,0,0,0,0,1,0
pholser/junit-quickcheck,ComponentizedGeneratorsIsolateConfigurationFromComponentsTest_73439e9.java,C:\Users\thali\Desktop\test-smells-and-flaky-test\output\fixes\ComponentizedGeneratorsIsolateConfigurationFromComponentsTest_73439e9.java,,,,1,1,0,0,0,0,1,0,0,0,0,0,0,0,,,0,0,0,0,1,0
pholser/junit-quickcheck,EnumPropertyParameterTypesTest_73439e9.java,C:\Users\thali\Desktop\test-smells-and-flaky-test\output\fixes\EnumPropertyParameterTypesTest_73439e9.java,,,,2,2,0,0,0,0,2,0,0,0,0,0,0,0,,,0,0,0,0,2,0
pholser/junit-quickcheck,ExhaustingAGivenSetButIncludingAnotherTest_bd500ce.java,C:\Users\thali\Desktop\test-smells-and-flaky-test\output\fixes\ExhaustingAGivenSetButIncludingAnotherTest_bd500ce.java,,,,24,24,1,0,0,0,20,0,0,0,0,0,0,0,,,1,0,0,0,24,0
pholser/junit-quickcheck,ExhaustingAGivenSetTest_73439e9.java,C:\Users\thali\Desktop\test-smells-and-flaky-test\output\fixes\ExhaustingAGivenSetTest_73439e9.java,,,,26,26,0,0,0,0,0,0,0,0,0,0,0,0,,,0,0,0,0,26,0
pholser/junit-quickcheck,FunctionPropertyParameterTypesTest_8ae2f0d.java,C:\Users\thali\Desktop\test-smells-and-flaky-test\output\fixes\FunctionPropertyParameterTypesTest_8ae2f0d.java,,,,3,3,0,0,0,0,3,0,0,0,0,0,0,0,,,0,0,0,0,3,0
pholser/junit-quickcheck,ExplicitGroupOfPropertyParameterGeneratorsChosenWithDiscreteProbabilityTest_d0fcfc6.java,C:\Users\thali\Desktop\test-smells-and-flaky-test\output\fixes\ExplicitGroupOfPropertyParameterGeneratorsChosenWithDiscreteProbabilityTest_d0fcfc6.java,,,,4,0,0,0,0,0,0,0,0,0,0,0,0,0,,,0,0,0,0,0,0
pholser/junit-quickcheck,ExplicitGroupOfPropertyParameterGeneratorsChosenWithEqualProbabilityTest_d0fcfc6.java,C:\Users\thali\Desktop\test-smells-and-flaky-test\output\fixes\ExplicitGroupOfPropertyParameterGeneratorsChosenWithEqualProbabilityTest_d0fcfc6.java,,,,4,0,0,0,0,0,0,0,0,0,0,0,0,0,,,0,0,0,0,0,0
pholser/junit-quickcheck,ExplicitPropertyParameterGeneratorsChosenWithEqualProbabilityTest_d0fcfc6.java,C:\Users\thali\Desktop\test-smells-and-flaky-test\output\fixes\ExplicitPropertyParameterGeneratorsChosenWithEqualProbabilityTest_d0fcfc6.java,,,,4,0,0,0,0,0,0,0,0,0,0,0,0,0,,,0,0,0,0,0,0
pholser/junit-quickcheck,ReflectionTest_d0fcfc6.java,C:\Users\thali\Desktop\test-smells-and-flaky-test\output\fixes\ReflectionTest_d0fcfc6.java,,,,53,15,1,0,0,0,11,0,0,0,0,1,0,0,,,0,0,0,0,51,0
pholser/junit-quickcheck,LambdaPropertyParameterTypesTest_73439e9.java,C:\Users\thali\Desktop\test-smells-and-flaky-test\output\fixes\LambdaPropertyParameterTypesTest_73439e9.java,,,,1,1,0,0,0,0,1,0,0,0,0,0,0,0,,,0,0,0,0,1,0
pholser/junit-quickcheck,PrimitivePropertyParameterTypesTest_14cb346.java,C:\Users\thali\Desktop\test-smells-and-flaky-test\output\fixes\PrimitivePropertyParameterTypesTest_14cb346.java,,,,82,24,0,0,0,0,1,0,0,0,0,0,0,0,,,0,0,0,0,82,0
pholser/junit-quickcheck,PropertiesWithExplicitGeneratorsTest_c9118dd.java,C:\Users\thali\Desktop\test-smells-and-flaky-test\output\fixes\PropertiesWithExplicitGeneratorsTest_c9118dd.java,,,,26,1,0,0,0,0,0,0,0,0,0,0,0,0,,,0,0,0,0,26,0
pholser/junit-quickcheck,PropertyExhaustiveSampleSizeTest_1798a5b.java,C:\Users\thali\Desktop\test-smells-and-flaky-test\output\fixes\PropertyExhaustiveSampleSizeTest_1798a5b.java,,,,3,3,0,0,0,0,1,0,0,0,0,0,0,0,,,0,0,0,0,3,0
pholser/junit-quickcheck,PropertyParameterConfigurationIsolationTest_bd500ce.java,C:\Users\thali\Desktop\test-smells-and-flaky-test\output\fixes\PropertyParameterConfigurationIsolationTest_bd500ce.java,,,,8,8,0,0,0,0,8,0,0,0,0,0,0,0,,,0,0,0,0,8,0
pholser/junit-quickcheck,PropertyTupleSampleSizeTest_bd500ce.java,C:\Users\thali\Desktop\test-smells-and-flaky-test\output\fixes\PropertyTupleSampleSizeTest_bd500ce.java,,,,3,3,0,0,0,0,1,0,0,0,0,0,0,0,,,0,0,0,0,3,0
pholser/junit-quickcheck,SamplingButAlsoIncludingAGivenSetTest_bd500ce.java,C:\Users\thali\Desktop\test-smells-and-flaky-test\output\fixes\SamplingButAlsoIncludingAGivenSetTest_bd500ce.java,,,,24,24,0,0,0,0,22,0,0,0,0,0,0,0,,,0,0,0,0,24,0
pholser/junit-quickcheck,SamplingOnlyFromAGivenSetTest_73439e9.java,C:\Users\thali\Desktop\test-smells-and-flaky-test\output\fixes\SamplingOnlyFromAGivenSetTest_73439e9.java,,,,25,25,0,0,0,0,24,0,0,0,0,0,0,0,,,0,0,0,0,25,0
pholser/junit-quickcheck,ShrinkingTest_73439e9.java,C:\Users\thali\Desktop\test-smells-and-flaky-test\output\fixes\ShrinkingTest_73439e9.java,,,,13,4,0,0,0,0,0,0,0,0,0,0,0,0,,,0,0,0,0,13,0
pholser/junit-quickcheck,UsualJUnitMachineryOnPropertyBasedTest_e0e8aa7.java,C:\Users\thali\Desktop\test-smells-and-flaky-test\output\fixes\UsualJUnitMachineryOnPropertyBasedTest_e0e8aa7.java,,,,1,1,0,0,0,0,0,0,0,0,0,0,0,0,,,0,1,0,0,2,0
pholser/junit-quickcheck,UsualJUnitMachineryOnShrinkingPropertyBasedTest_30e31cb.java,C:\Users\thali\Desktop\test-smells-and-flaky-test\output\fixes\UsualJUnitMachineryOnShrinkingPropertyBasedTest_30e31cb.java,,,,1,1,0,0,0,0,0,0,0,0,0,0,0,0,,,0,0,0,0,1,0
pholser/junit-quickcheck,UsualJUnitMachineryOnSubclassPropertyTest_1a4f6ea.java,C:\Users\thali\Desktop\test-smells-and-flaky-test\output\fixes\UsualJUnitMachineryOnSubclassPropertyTest_1a4f6ea.java,,,,2,1,0,0,0,0,1,0,0,3,0,1,0,0,,,0,3,0,0,4,0
pholser/junit-quickcheck,UsualJUnitMachineryOnTraitBasedPropertyTest_bcd691e.java,C:\Users\thali\Desktop\test-smells-and-flaky-test\output\fixes\UsualJUnitMachineryOnTraitBasedPropertyTest_bcd691e.java,,,,2,1,0,0,0,0,1,0,0,3,0,1,0,0,,,0,3,0,0,4,0
pinterest/secor,FileReaderWriterFactoryTest_80217d4.java,C:\Users\thali\Desktop\test-smells-and-flaky-test\output\fixes\FileReaderWriterFactoryTest_80217d4.java,,,,9,0,0,0,0,0,4,0,0,0,0,0,0,0,,,0,4,0,0,4,0
prometheus/client_java,CustomMappingSampleBuilderTest_7cf0cc9.java,C:\Users\thali\Desktop\test-smells-and-flaky-test\output\fixes\CustomMappingSampleBuilderTest_7cf0cc9.java,,,,8,0,0,0,0,0,0,0,0,0,0,0,0,0,,,0,0,0,0,8,0
quarkusio/quarkus,CompilerFlagsTest_5023303.java,C:\Users\thali\Desktop\test-smells-and-flaky-test\output\fixes\CompilerFlagsTest_5023303.java,,,,8,0,0,0,0,0,0,0,0,0,0,0,0,0,,,0,0,0,0,0,0
querydsl/querydsl,GenericExporterTest_8685317.java,C:\Users\thali\Desktop\test-smells-and-flaky-test\output\fixes\GenericExporterTest_8685317.java,,,,5,0,0,0,0,0,3,0,0,0,0,0,0,0,,,0,4,0,4,4,0
querydsl/querydsl,SearchQueryTest_ce3d5ab.java,C:\Users\thali\Desktop\test-smells-and-flaky-test\output\fixes\SearchQueryTest_ce3d5ab.java,,,,16,7,0,0,0,0,0,0,0,0,0,0,0,0,,,0,0,1,0,11,0
rest-assured/rest-assured,LoggingIfValidationFailsTest_500b595.java,C:\Users\thali\Desktop\test-smells-and-flaky-test\output\fixes\LoggingIfValidationFailsTest_500b595.java,,,,8,4,0,0,0,0,4,0,0,0,0,4,0,0,,,0,0,0,0,5,0
rest-assured/rest-assured,ResponseLoggingTest_755abf6.java,C:\Users\thali\Desktop\test-smells-and-flaky-test\output\fixes\ResponseLoggingTest_755abf6.java,,,,5,1,0,0,0,0,1,0,0,0,0,1,0,0,,,0,0,0,0,2,0
rest-assured/rest-assured,WebTestClientSpecificationMergingTest_8fa425a.java,C:\Users\thali\Desktop\test-smells-and-flaky-test\output\fixes\WebTestClientSpecificationMergingTest_8fa425a.java,,,,23,8,0,0,0,0,0,0,0,0,0,2,0,0,,,0,0,0,0,22,0
rest-assured/rest-assured,JsonPathTest_6c7d168.java,C:\Users\thali\Desktop\test-smells-and-flaky-test\output\fixes\JsonPathTest_6c7d168.java,,,,61,14,1,0,0,0,0,0,0,1,0,0,0,0,,,0,1,0,0,61,0
runelite/runelite,AssemblerTest_15a393f.java,C:\Users\thali\Desktop\test-smells-and-flaky-test\output\fixes\AssemblerTest_15a393f.java,,,,2,1,0,0,0,0,1,0,0,0,0,0,0,0,,,1,0,0,0,1,0
SAP/emobility-smart-charging,FuseTreeTest_40acb93.java,C:\Users\thali\Desktop\test-smells-and-flaky-test\output\fixes\FuseTreeTest_40acb93.java,,,,10,3,1,0,0,0,1,0,0,0,0,0,0,0,,,0,0,0,0,6,0
SAP/fosstars-rating-core,VulnerabilitiesFromOwaspDependencyCheckTest_691ad7a.java,C:\Users\thali\Desktop\test-smells-and-flaky-test\output\fixes\VulnerabilitiesFromOwaspDependencyCheckTest_691ad7a.java,,,,5,4,0,0,0,0,5,0,0,0,0,0,0,0,,,0,0,0,4,5,0
SAP/pair-distribution-app,DayPairsHelperTest_4d0ca2b.java,C:\Users\thali\Desktop\test-smells-and-flaky-test\output\fixes\DayPairsHelperTest_4d0ca2b.java,,,,47,29,4,0,0,0,0,35,0,1,0,0,0,0,,,0,0,0,0,39,0
SAP/scimono,GroupRequestTest_d57a463.java,C:\Users\thali\Desktop\test-smells-and-flaky-test\output\fixes\GroupRequestTest_d57a463.java,,,,13,0,0,0,0,0,5,0,0,0,0,0,0,0,,,0,1,0,0,6,0
SAP/scimono,ResourcePageQueryTest_d57a463.java,C:\Users\thali\Desktop\test-smells-and-flaky-test\output\fixes\ResourcePageQueryTest_d57a463.java,,,,5,0,0,0,0,0,0,0,0,0,0,0,0,0,,,0,0,0,0,4,0
SAP/scimono,SCIMResourceRequestInvocationTest_d57a463.java,C:\Users\thali\Desktop\test-smells-and-flaky-test\output\fixes\SCIMResourceRequestInvocationTest_d57a463.java,,,,19,4,0,0,0,0,0,0,0,0,0,4,0,0,,,0,0,0,0,4,0
SAP/scimono,SCIMResourceResponseHandlingTest_d57a463.java,C:\Users\thali\Desktop\test-smells-and-flaky-test\output\fixes\SCIMResourceResponseHandlingTest_d57a463.java,,,,17,7,0,0,0,0,10,0,0,0,0,0,0,0,,,0,0,0,0,12,0
SAP/scimono,UserRequestTest_d57a463.java,C:\Users\thali\Desktop\test-smells-and-flaky-test\output\fixes\UserRequestTest_d57a463.java,,,,16,1,0,0,0,0,8,0,0,0,0,0,0,0,,,0,1,0,0,8,0
seata/seata,CollectionUtilsTest_07f5477.java,C:\Users\thali\Desktop\test-smells-and-flaky-test\output\fixes\CollectionUtilsTest_07f5477.java,,,,7,7,0,0,0,0,0,0,0,0,0,1,0,0,,,2,0,0,0,7,0
Slimefun/Slimefun4,TestMaterialTagSetting_5a0414a.java,C:\Users\thali\Desktop\test-smells-and-flaky-test\output\fixes\TestMaterialTagSetting_5a0414a.java,,,,5,0,0,0,0,0,0,0,0,0,0,0,0,0,,,0,0,3,0,0,0
snowflakedb/snowflake-jdbc,SnowflakeAzureClientTest_8f851ab.java,C:\Users\thali\Desktop\test-smells-and-flaky-test\output\fixes\SnowflakeAzureClientTest_8f851ab.java,,,,1,1,0,0,0,0,0,0,0,0,0,0,0,0,,,0,0,0,0,1,0
sofastack/sofa-boot,DefaultLevelTest_b7f7ab2.java,C:\Users\thali\Desktop\test-smells-and-flaky-test\output\fixes\DefaultLevelTest_b7f7ab2.java,,,,1,1,0,0,0,0,1,0,1,0,0,0,0,0,,,0,0,0,1,1,0
SonarSource/sonar-php,ExecutableLineVisitorTest_562d5f3.java,C:\Users\thali\Desktop\test-smells-and-flaky-test\output\fixes\ExecutableLineVisitorTest_562d5f3.java,,,,2,0,0,0,0,0,1,0,0,0,0,0,0,0,,,0,0,0,1,1,0
soot-oss/soot,TestDominance_13ee378.java,C:\Users\thali\Desktop\test-smells-and-flaky-test\output\fixes\TestDominance_13ee378.java,,,,5,3,1,0,0,0,0,0,0,0,0,0,0,0,,,2,0,0,0,3,0
spdx/tools,TestPackageSheet_bc35e25.java,C:\Users\thali\Desktop\test-smells-and-flaky-test\output\fixes\TestPackageSheet_bc35e25.java,,,,27,19,0,0,0,0,19,19,0,0,0,2,0,0,,,0,0,0,0,19,0
spring-projects/spring-data-cassandra,CriteriaUnitTests_1c02d4c.java,C:\Users\thali\Desktop\test-smells-and-flaky-test\output\fixes\CriteriaUnitTests_1c02d4c.java,,,,14,0,0,0,0,0,0,0,0,0,0,0,0,0,,,0,0,0,0,0,0
spring-projects/spring-data-couchbase,MappingCouchbaseConverterTests_15feab6.java,C:\Users\thali\Desktop\test-smells-and-flaky-test\output\fixes\MappingCouchbaseConverterTests_15feab6.java,,,,45,0,0,0,0,0,0,0,0,0,0,0,0,0,,,0,0,0,0,0,0
spring-projects/spring-ws,SpringDigestPasswordValidationCallbackHandlerTest_eb6da13.java,C:\Users\thali\Desktop\test-smells-and-flaky-test\output\fixes\SpringDigestPasswordValidationCallbackHandlerTest_eb6da13.java,,,,7,3,0,0,0,0,4,4,0,0,0,0,0,0,,,0,0,0,0,5,0
stanfordnlp/CoreNLP,DirectedMultiGraphTest_a53d57c.java,C:\Users\thali\Desktop\test-smells-and-flaky-test\output\fixes\DirectedMultiGraphTest_a53d57c.java,,,,28,20,2,0,0,0,0,0,0,9,0,0,0,0,,,15,2,0,0,25,0
stanfordnlp/CoreNLP,CollectionValuedMapTest_2b06cd6.java,C:\Users\thali\Desktop\test-smells-and-flaky-test\output\fixes\CollectionValuedMapTest_2b06cd6.java,,,,5,3,2,0,0,0,0,0,0,0,0,0,0,0,,,2,0,0,0,5,0
stleary/JSON-java,JSONPointerTest_98df354.java,C:\Users\thali\Desktop\test-smells-and-flaky-test\output\fixes\JSONPointerTest_98df354.java,,,,34,3,1,0,0,0,4,0,0,0,4,4,0,0,,,0,0,0,0,33,0
stleary/JSON-java,XMLTest_0578285.java,C:\Users\thali\Desktop\test-smells-and-flaky-test\output\fixes\XMLTest_0578285.java,,,,51,2,2,0,0,0,11,0,0,0,1,4,0,0,,,4,0,0,0,48,0
streamx-co/FluentJPA,FamilyTest_8690167.java,C:\Users\thali\Desktop\test-smells-and-flaky-test\output\fixes\FamilyTest_8690167.java,,,,1,1,0,0,0,0,0,0,0,0,0,0,0,0,,,1,0,0,0,1,0
tbsalling/aismessages,NMEAMessageHandlerTest_cc9601d.java,C:\Users\thali\Desktop\test-smells-and-flaky-test\output\fixes\NMEAMessageHandlerTest_cc9601d.java,,,,5,2,0,0,0,0,0,0,0,0,0,0,0,0,,,0,0,0,0,4,0
Tencent/spring-cloud-tencent,Metadata2HeaderFeignInterceptorTest_99eee26.java,C:\Users\thali\Desktop\test-smells-and-flaky-test\output\fixes\Metadata2HeaderFeignInterceptorTest_99eee26.java,,,,1,1,0,0,0,0,2,0,0,0,0,0,0,0,,,0,1,1,0,2,0
TestingResearchIllinois/starts,WriterTest_fe33c45.java,C:\Users\thali\Desktop\test-smells-and-flaky-test\output\fixes\WriterTest_fe33c45.java,,,,13,7,0,0,0,0,7,10,0,0,0,0,0,0,,,0,0,0,1,10,0
twilio/twilio-java,PolicyTest_facab19.java,C:\Users\thali\Desktop\test-smells-and-flaky-test\output\fixes\PolicyTest_facab19.java,,,,1,0,0,0,0,0,1,0,0,0,0,0,0,0,,,0,0,0,0,1,0
undertow-io/undertow,SaveOriginalPostRequestTestCase_a0e804c.java,C:\Users\thali\Desktop\test-smells-and-flaky-test\output\fixes\SaveOriginalPostRequestTestCase_a0e804c.java,,,,5,2,0,0,0,0,2,0,2,0,0,0,0,0,,,2,0,0,0,2,0
undertow-io/undertow,AnnotatedEndpointTest_3b0bd68.java,C:\Users\thali\Desktop\test-smells-and-flaky-test\output\fixes\AnnotatedEndpointTest_3b0bd68.java,,,,20,8,1,0,0,0,18,0,0,0,0,0,0,0,,,2,8,0,0,18,0
vaadin/flow,BeanValidatorTest_16f7585.java,C:\Users\thali\Desktop\test-smells-and-flaky-test\output\fixes\BeanValidatorTest_16f7585.java,,,,13,0,0,0,0,0,0,0,0,1,0,0,0,0,,,0,0,0,0,11,0
vipshop/vjtools,JsonMapperTest_587bd67.java,C:\Users\thali\Desktop\test-smells-and-flaky-test\output\fixes\JsonMapperTest_587bd67.java,,,,7,3,1,0,0,0,4,0,0,2,0,0,0,0,,,1,1,0,0,6,0
vojtechhabarta/typescript-generator,EnumConstantsExtensionTest_4a349ce.java,C:\Users\thali\Desktop\test-smells-and-flaky-test\output\fixes\EnumConstantsExtensionTest_4a349ce.java,,,,3,2,0,0,0,0,0,0,0,0,0,0,0,0,,,0,0,0,0,3,0
vojtechhabarta/typescript-generator,EnumTest_4a349ce.java,C:\Users\thali\Desktop\test-smells-and-flaky-test\output\fixes\EnumTest_4a349ce.java,,,,24,6,0,0,0,0,0,0,0,0,0,0,0,0,,,0,0,0,0,23,0
vojtechhabarta/typescript-generator,ImmutablesTest_107eb2f.java,C:\Users\thali\Desktop\test-smells-and-flaky-test\output\fixes\ImmutablesTest_107eb2f.java,,,,1,0,0,0,0,0,0,0,0,0,0,0,0,0,,,0,0,0,0,1,0
wikidata/wikidata-toolkit,MwDumpFileProcessingTest_10f9711.java,C:\Users\thali\Desktop\test-smells-and-flaky-test\output\fixes\MwDumpFileProcessingTest_10f9711.java,,,,15,4,0,0,0,0,6,0,0,0,0,0,0,0,,,0,0,0,0,6,0
wikidata/wikidata-toolkit,DirectoryManagerFactoryTest_eb64d3e.java,C:\Users\thali\Desktop\test-smells-and-flaky-test\output\fixes\DirectoryManagerFactoryTest_eb64d3e.java,,,,5,2,0,0,0,0,4,0,0,0,0,0,0,0,,,0,0,0,0,4,0
wildfly/jboss-ejb-client,MixedModeServiceURLTestCase_6402c98.java,C:\Users\thali\Desktop\test-smells-and-flaky-test\output\fixes\MixedModeServiceURLTestCase_6402c98.java,,,,7,0,0,0,0,0,1,0,0,0,0,0,0,0,,,0,0,0,0,1,0
wildfly/wildfly,InitialContextFactoryTestCase_9c9f68a.java,C:\Users\thali\Desktop\test-smells-and-flaky-test\output\fixes\InitialContextFactoryTestCase_9c9f68a.java,,,,3,1,1,0,0,0,2,0,2,0,0,0,0,0,,,1,0,0,0,2,0
wildfly/wildfly,InitialContextTestCase_9c9f68a.java,C:\Users\thali\Desktop\test-smells-and-flaky-test\output\fixes\InitialContextTestCase_9c9f68a.java,,,,2,0,0,0,0,0,1,0,0,0,0,0,0,0,,,0,0,0,0,1,0
wildfly/wildfly,NamingContextTestCase_9c9f68a.java,C:\Users\thali\Desktop\test-smells-and-flaky-test\output\fixes\NamingContextTestCase_9c9f68a.java,,,,27,12,0,0,0,0,20,11,0,0,0,0,0,0,,,12,4,0,0,20,0
wildfly/wildfly,NamingEventCoordinatorTestCase_9c9f68a.java,C:\Users\thali\Desktop\test-smells-and-flaky-test\output\fixes\NamingEventCoordinatorTestCase_9c9f68a.java,,,,6,5,0,0,0,0,5,0,0,0,0,0,0,0,,,0,0,0,0,5,0
wildfly/wildfly,ObjectFactoryTestCase_9c9f68a.java,C:\Users\thali\Desktop\test-smells-and-flaky-test\output\fixes\ObjectFactoryTestCase_9c9f68a.java,,,,5,2,0,0,0,0,2,1,0,0,0,0,0,0,,,0,0,0,0,2,0
wildfly/wildfly,ServiceBasedNamingStoreTestCase_9c9f68a.java,C:\Users\thali\Desktop\test-smells-and-flaky-test\output\fixes\ServiceBasedNamingStoreTestCase_9c9f68a.java,,,,12,7,1,0,0,0,8,8,0,0,0,0,0,0,,,2,0,0,0,8,0
wildfly/wildfly,NamingSubsystemTestCase_9c9f68a.java,C:\Users\thali\Desktop\test-smells-and-flaky-test\output\fixes\NamingSubsystemTestCase_9c9f68a.java,,,,11,0,1,0,0,0,6,0,0,0,0,0,0,0,,,0,5,1,0,6,0
wildfly/wildfly,WritableServiceBasedNamingStoreTestCase_9c9f68a.java,C:\Users\thali\Desktop\test-smells-and-flaky-test\output\fixes\WritableServiceBasedNamingStoreTestCase_9c9f68a.java,,,,15,3,1,0,0,0,12,10,0,0,0,0,0,0,,,3,0,0,0,12,0
wildfly/wildfly,UndertowSubsystem100TestCase_5e7263b.java,C:\Users\thali\Desktop\test-smells-and-flaky-test\output\fixes\UndertowSubsystem100TestCase_5e7263b.java,,,,5,0,0,0,0,0,1,0,0,0,0,0,0,0,,,0,1,0,0,1,0
wildfly/wildfly,UndertowSubsystem110TestCase_5e7263b.java,C:\Users\thali\Desktop\test-smells-and-flaky-test\output\fixes\UndertowSubsystem110TestCase_5e7263b.java,,,,5,0,0,0,0,0,2,0,0,0,0,0,0,0,,,0,2,0,0,2,0
wildfly/wildfly,UndertowSubsystem30TestCase_5e7263b.java,C:\Users\thali\Desktop\test-smells-and-flaky-test\output\fixes\UndertowSubsystem30TestCase_5e7263b.java,,,,5,0,0,0,0,0,1,0,0,0,0,0,0,0,,,0,1,0,0,1,0
wildfly/wildfly,UndertowSubsystem31TestCase_5e7263b.java,C:\Users\thali\Desktop\test-smells-and-flaky-test\output\fixes\UndertowSubsystem31TestCase_5e7263b.java,,,,5,0,0,0,0,0,1,0,0,0,0,0,0,0,,,0,1,0,0,1,0
wildfly/wildfly,UndertowSubsystem40TestCase_5e7263b.java,C:\Users\thali\Desktop\test-smells-and-flaky-test\output\fixes\UndertowSubsystem40TestCase_5e7263b.java,,,,4,0,0,0,0,0,1,0,0,0,0,0,0,0,,,0,1,0,0,1,0
wildfly/wildfly,UndertowSubsystem50TestCase_5e7263b.java,C:\Users\thali\Desktop\test-smells-and-flaky-test\output\fixes\UndertowSubsystem50TestCase_5e7263b.java,,,,4,0,0,0,0,0,1,0,0,0,0,0,0,0,,,0,1,0,0,1,0
wildfly/wildfly,UndertowSubsystem60TestCase_5e7263b.java,C:\Users\thali\Desktop\test-smells-and-flaky-test\output\fixes\UndertowSubsystem60TestCase_5e7263b.java,,,,4,0,0,0,0,0,1,0,0,0,0,0,0,0,,,0,1,0,0,1,0
wildfly/wildfly,UndertowSubsystem70TestCase_5e7263b.java,C:\Users\thali\Desktop\test-smells-and-flaky-test\output\fixes\UndertowSubsystem70TestCase_5e7263b.java,,,,4,0,0,0,0,0,1,0,0,0,0,0,0,0,,,0,1,0,0,1,0
wildfly/wildfly,UndertowSubsystem80TestCase_5e7263b.java,C:\Users\thali\Desktop\test-smells-and-flaky-test\output\fixes\UndertowSubsystem80TestCase_5e7263b.java,,,,4,0,0,0,0,0,1,0,0,0,0,0,0,0,,,0,1,0,0,1,0
wildfly/wildfly,UndertowSubsystem90TestCase_5e7263b.java,C:\Users\thali\Desktop\test-smells-and-flaky-test\output\fixes\UndertowSubsystem90TestCase_5e7263b.java,,,,4,0,0,0,0,0,1,0,0,0,0,0,0,0,,,0,1,0,0,1,0
wildfly/wildfly-core,HelpSupportTestCase_052dff9.java,C:\Users\thali\Desktop\test-smells-and-flaky-test\output\fixes\HelpSupportTestCase_052dff9.java,,,,12,0,5,0,0,0,5,0,0,0,0,0,0,0,,,0,5,3,0,5,0
wildfly/wildfly-core,BootScriptInvoker_052dff9.java,C:\Users\thali\Desktop\test-smells-and-flaky-test\output\fixes\BootScriptInvoker_052dff9.java,,,,4,0,0,0,0,0,0,0,0,0,0,0,0,0,,,0,0,0,0,0,0
yandex/yoctodb,V1StoredIndexTest_a4e91c5.java,C:\Users\thali\Desktop\test-smells-and-flaky-test\output\fixes\V1StoredIndexTest_a4e91c5.java,,,,3,0,1,0,0,0,0,0,0,0,0,0,0,0,,,0,1,0,0,1,0
